Title,URL
Surveillance for surgical site infections in orthopedic trauma ...,https://pubmed.ncbi.nlm.nih.gov/35115203/
Orthopedic Undergraduate Education in India: Need for a Change ...,https://www.ncbi.nlm.nih.gov/pmc/articles/PMC9561498/
Home | Indian Journal of Orthopaedics,https://link.springer.com/journal/43465
Industry 5.0 in Orthopaedics - PMC,https://www.ncbi.nlm.nih.gov/pmc/articles/PMC9485301/
Orthopaedic Journal of Sports Medicine: Sage Journals,https://journals.sagepub.com/home/ojs
Learning Experiences from Orthopedic Disability Camp in a Tr ...,https://journals.lww.com/mjdy/fulltext/2022/15030/learning_experiences_from_orthopedic_disability.18.aspx
Journal of Orthopaedic Surgery and Research: Home page,https://josr-online.biomedcentral.com/
Surveillance for surgical site infections in orthopedic trauma ...,https://www.sciencedirect.com/science/article/abs/pii/S0255085721047368
"Radiation exposure among anesthetist, orthopedic surgeon, an ...","https://journals.lww.com/mjdy/fulltext/2022/15060/radiation_exposure_among_anesthetist,_orthopedic.5.aspx"
"Latest Medical News, Clinical Trials, Guidelines - Today on Medscape",https://www.medscape.com/
Epidemiology of knee osteoarthritis in India and related factors - PMC,https://www.ncbi.nlm.nih.gov/pmc/articles/PMC5017174/
COE - Students With Disabilities,https://nces.ed.gov/programs/coe/indicator/cgg/students-with-disabilities
The 2022 National Nursing Workforce Survey - Journal of Nursing ...,https://www.journalofnursingregulation.com/article/S2155-8256(23)00047-9/fulltext
Enhancing Surgical Outcomes: A Critical Review of Antibiotic ...,https://www.ncbi.nlm.nih.gov/pmc/articles/PMC10679787/
What's your specialty? New data show the choices of America's ...,https://www.aamc.org/news/what-s-your-specialty-new-data-show-choices-america-s-doctors-gender-race-and-age
Statin Use for the Primary Prevention of Cardiovascular Disease in ...,https://jamanetwork.com/journals/jama/fullarticle/2795521
Addressing the Needs of the Rapidly Aging Society through the ...,https://www.mdpi.com/1422-0067/23/5/2786
Antiretroviral Drugs for Treatment and Prevention of HIV Infection in ...,https://jamanetwork.com/journals/jama/fullarticle/2799240
Thieme Group,https://www.thieme.com/en-us
)*.f;',https://blsmch.nic.in/wp-content/uploads/2022/06/FINAL-BOOK-TENDER-FMMCH-BALASORE.pdf
MRSA: the leading pathogen of orthopedic infection in a tertiary care ...,https://www.ncbi.nlm.nih.gov/pmc/articles/PMC6531934/
Smart sensor implant technology in total knee arthroplasty,https://pubmed.ncbi.nlm.nih.gov/34631412/
A Preliminary Survey of Women Orthopaedic Surgeons on ...,https://www.ncbi.nlm.nih.gov/pmc/articles/PMC8854465/
Peer Review and Scientific Publication at a Crossroads: Call for ...,https://jamanetwork.com/journals/jama/fullarticle/2809861
"Ryan M. Garcia, MD | Hand Specialist | OrthoCarolina",https://www.orthocarolina.com/physicians/ryan-m-garcia-md
"MIHIR M. THACKER, MD",https://www.nemours.org/content/dam/nemours/wwwv2/filebox/research/ortho%20thacker%20cv.pdf
Management of Anterior Cruciate Ligament Injuries,https://www.aaos.org/globalassets/quality-and-practice-resources/anterior-cruciate-ligament-injuries/aclcpg.pdf
Global mortality associated with 33 bacterial pathogens in 2019: a ...,https://www.thelancet.com/journals/lancet/article/PIIS0140-6736(22)02185-7/fulltext
Journal of Clinical Medicine | An Open Access Journal from MDPI,https://www.mdpi.com/journal/jcm
Global burden of 369 diseases and injuries in 204 countries and ...,https://www.thelancet.com/journals/lancet/article/PIIS0140-6736(20)30925-9/fulltext
AOSSM | American Orthopaedic Society for Sports Medicine | AOSSM,https://www.sportsmed.org/
Orthopaedic Journal of Sports Medicine: Sage Journals,https://journals.sagepub.com/home/ojs
JAAOS - Journal of the American Academy of Orthopaedic Surgeons,https://journals.lww.com/jaaos/pages/default.aspx
2022 Physician Specialty Data Report Executive Summary | AAMC,https://www.aamc.org/data-reports/data/2022-physician-specialty-data-report-executive-summary
Journal of Orthopaedic & Sports Physical Therapy,https://www.jospt.org/
"Meniscus Tear: Pathology, Incidence, and Management - PMC",https://www.ncbi.nlm.nih.gov/pmc/articles/PMC9205760/
Journal Rankings on Orthopedics and Sports Medicine,https://www.scimagojr.com/journalrank.php?category=2732
Private Equity Partnerships with Orthopedic Groups: 2022 Trends ...,https://journaloei.scholasticahq.com/article/70249-private-equity-partnerships-with-orthopedic-groups-2022-trends-and-strategic-insights-for-2023-including-insights-from-special-feature-survey-of
Increased Prevalence of Breast and All-cause Cancer in Female ...,https://www.ncbi.nlm.nih.gov/pmc/articles/PMC9126513/
Myocarditis Cases Reported After mRNA-Based COVID-19 ...,https://jamanetwork.com/journals/jama/fullarticle/2788346
Rankings | Fall 2022 | UC Davis Health Magazine,https://health.ucdavis.edu/health-magazine/issues/fall2022/in-brief/rankings.html
Department of Orthopedics | University of Colorado,https://medschool.cuanschutz.edu/orthopedics
Statin Use for the Primary Prevention of Cardiovascular Disease in ...,https://jamanetwork.com/journals/jama/fullarticle/2795521
U.S. News Reveals the 2022-2023 Best Children's Hospitals,https://www.usnews.com/info/blogs/press-room/articles/2022-06-14/u-s-news-reveals-the-2022-2023-best-childrens-hospitals
What's your specialty? New data show the choices of America's ...,https://www.aamc.org/news/what-s-your-specialty-new-data-show-choices-america-s-doctors-gender-race-and-age
Surgical Correction of ... - American Journal of Case Reports,https://amjcaserep.com/abstract/full/idArt/942126
Joe DiMaggio Children's Hospital,https://www.jdch.com/
The 2022 National Nursing Workforce Survey - Journal of Nursing ...,https://www.journalofnursingregulation.com/article/S2155-8256(23)00047-9/fulltext
CDC Clinical Practice Guideline for Prescribing Opioids for Pain ...,https://www.cdc.gov/mmwr/volumes/71/rr/rr7103a1.htm
50 hospitals and health systems with great orthopedic programs ...,https://www.beckershospitalreview.com/lists/50-hospitals-and-health-systems-with-great-orthopedic-programs-headed-into-2023.html
Prevalence and Predictors of Persistence of COVID-19 Symptoms in ...,https://www.ncbi.nlm.nih.gov/pmc/articles/PMC8286874/
"Rachel M. Thompson, MD - Pediatric Orthopedic Surgery - Santa ...",https://www.uclahealth.org/providers/rachel-thompson
Biocompatibility assessment of biomaterials used in orthopedic ...,https://www.ncbi.nlm.nih.gov/pmc/articles/PMC8461597/
"James S. Starman, MD | Orthopedic Physician | OrthoCarolina",https://www.orthocarolina.com/physicians/james-s-starman-md
Robert Satcher - Wikipedia,https://en.wikipedia.org/wiki/Robert_Satcher
Nonpharmaceutical Interventions Implemented by US Cities During ...,https://jamanetwork.com/journals/jama/fullarticle/208354
Hamid Ghaednia Publications | Cedars-Sinai Medical Center,https://researchers.cedars-sinai.edu/Hamid.Ghaednia/publications
A randomized trial of treatment for acute anterior cruciate ligament ...,https://pubmed.ncbi.nlm.nih.gov/20660401/
"Jay R. Lieberman, MD - Keck School of Medicine of USC",https://keck.usc.edu/faculty-search/jay-r-lieberman/
"Kenneth D. Illingworth, MD | Cedars-Sinai",https://www.cedars-sinai.org/provider/kenneth-illingworth-2280384.html
Home | European Journal of Orthopaedic Surgery & Traumatology,https://link.springer.com/journal/590
Postoperative management of total elbow arthroplasty: Results of a ...,https://pubmed.ncbi.nlm.nih.gov/36374842/
European Review for Medical and Pharmacological Sciences,https://www.europeanreview.org/
Harmonised standards - European Commission,https://health.ec.europa.eu/medical-devices-topics-interest/harmonised-standards_en
Impact of Anterior Cruciate Ligament Injury on European ...,https://www.ncbi.nlm.nih.gov/pmc/articles/PMC8873562/
Open Access Macedonian Journal of Medical Sciences,https://oamjms.eu/
Low-intensity LASER and LED (photobiomodulation therapy) for ...,https://www.ncbi.nlm.nih.gov/pmc/articles/PMC9980499/
Journal of Children's Orthopaedics: Sage Journals,https://journals.sagepub.com/home/cho
European Journal of Orthodontics | Oxford Academic,https://academic.oup.com/ejo
Best Practices for the Orthopaedic Care of Children with Spinal ...,https://www.jposna.org/index.php/jposna/article/view/296
Therapeutic Value of Drugs Granted Accelerated Approval or ...,https://jamanetwork.com/journals/jama-health-forum/fullarticle/2795472
Mapping publications using the Japan Trauma Data Bank: Scoping ...,https://www.ncbi.nlm.nih.gov/pmc/articles/PMC10227637/
Bioengineering Approaches to Fight against Orthopedic ...,https://www.mdpi.com/1422-0067/23/19/11658
COP27 Climate Change Conference: Urgent action needed for ...,https://www.ncbi.nlm.nih.gov/pmc/articles/PMC9724110/
"Digital Health Care, Telemedicine, and Medicolegal Issues in ...",https://europepmc.org/article/pmc/pmc9735483
Thieme Group,https://www.thieme.com/en-us
MDCG 2023-1 Guidance on the health institution exemption under ...,https://health.ec.europa.eu/system/files/2023-01/mdcg_2023-1_en.pdf
Psychology in orthopedics and traumatology: an instructional review ...,https://europepmc.org/article/pmc/pmc10233808
Germany - Healthcare and Medical Technology,https://www.trade.gov/country-commercial-guides/germany-healthcare-and-medical-technology
Best clinical practice guidance for treating deep carious lesions in ...,https://pubmed.ncbi.nlm.nih.gov/36219336/
Evidence-based hamstring injury prevention is not adopted by the ...,https://pubmed.ncbi.nlm.nih.gov/25995308/
How to choose the best journal for your case report - PMC,https://www.ncbi.nlm.nih.gov/pmc/articles/PMC5522590/
Peer Review and Scientific Publication at a Crossroads: Call for ...,https://jamanetwork.com/journals/jama/fullarticle/2809861
Thematic Issues in Analysis and Visualization of Emergency ...,https://journals.sagepub.com/doi/10.1177/2327857918071034?icid=int.sj-full-text.citing-articles.3
"Mediterranean Diet, Lifestyle Factors, and 10-Year Mortality in ...",https://jamanetwork.com/journals/jama/fullarticle/199485
European Heart Journal (EHJ),https://www.escardio.org/Journals/ESC-Journal-Family/European-Heart-Journal
European Review for Medical and Pharmacological Sciences,https://www.europeanreview.org/
Journal of Clinical Medicine | An Open Access Journal from MDPI,https://www.mdpi.com/journal/jcm
UT Southwestern Orthopaedic Journal 2021–2022,https://www.utsouthwestern.edu/education/medical-school/departments/orthopaedic-surgery/assets/2021-22-orthopaedic-journal.pdf
Open Access Macedonian Journal of Medical Sciences,https://oamjms.eu/
The American Journal of Sports Medicine: Sage Journals,https://journals.sagepub.com/home/ajs
Barriers to Trauma Care in South and Central America: a systematic ...,https://www.ncbi.nlm.nih.gov/pmc/articles/PMC9279262/
Orthopaedic Journal of Sports Medicine: Sage Journals,https://journals.sagepub.com/home/ojs
Bibliometric Analysis: Six Decades of Scientific Production from a ...,https://www.ncbi.nlm.nih.gov/pmc/articles/PMC10298242/
Traveling Fellowship | AOSSM,https://www.sportsmed.org/membership/traveling-fellowship
"American Society of Hematology, ABHH, ACHO, Grupo CAHT ...",https://ashpublications.org/bloodadvances/article/6/12/3636/484109/American-Society-of-Hematology-ABHH-ACHO-Grupo
"Academic, Leadership, and Demographic Characteristics of Ort ...","https://journals.lww.com/jaaosglobal/fulltext/2022/01000/academic,_leadership,_and_demographic.9.aspx"
Active physicians who identified as Hispanic (Alone or With Any ...,https://www.aamc.org/data-reports/workforce/data/active-physicians-hispanic-alone-or-any-race-2021
Hip fracture care—Latin America : OTA International,https://journals.lww.com/otainternational/fulltext/2020/03000/hip_fracture_care_latin_america.4.aspx
Updated Guidance on the Reporting of Race and Ethnicity in ...,https://jamanetwork.com/journals/jama/fullarticle/2783090
Colorectal Cancer Screening Programs in Latin America: A ...,https://jamanetwork.com/journals/jamanetworkopen/fullarticle/2814506
Analysis of the virtual healthcare model in Latin America: a ...,https://www.ncbi.nlm.nih.gov/pmc/articles/PMC11058594/
Analysis of the virtual healthcare model in Latin America: a ...,https://mhealth.amegroups.org/article/view/122932/html
Culturally Competent Care for Latino Patients - Markkula Center for ...,https://www.scu.edu/ethics/focus-areas/bioethics/resources/culturally-competent-care/culturally-competent-care-for-latino-patients/
Awards,https://www.mhs.net/about/awards
Exploring The Advantages of a Hydrolyzed Rice Formula in the ...,https://www.jscimedcentral.com/jounal-article-info/JSM-Nutritional-Disorders/Exploring-The-Advantages-of-a--Hydrolyzed-Rice-Formula-in-the--Dietary-Management-of-Infants--with-Cow%E2%80%99s-Milk-Allergy-in-Latin--America-10881
Surgical Correction of ... - American Journal of Case Reports,https://amjcaserep.com/abstract/full/idArt/942126
The 2022 National Nursing Workforce Survey - Journal of Nursing ...,https://www.journalofnursingregulation.com/article/S2155-8256(23)00047-9/fulltext
COE - Students With Disabilities,https://nces.ed.gov/programs/coe/indicator/cgg/students-with-disabilities
CDC Clinical Practice Guideline for Prescribing Opioids for Pain ...,https://www.cdc.gov/mmwr/volumes/71/rr/rr7103a1.htm
Epidemiology of hip fracture: Worldwide geographic variation - PMC,https://www.ncbi.nlm.nih.gov/pmc/articles/PMC3004072/
Epidemiology of hip fracture: Worldwide geographic variation,https://pubmed.ncbi.nlm.nih.gov/21221218/
Early Sport Specialization: Effectiveness and Risk of Injury in ...,https://www.ncbi.nlm.nih.gov/pmc/articles/PMC5613849/
The Reporting of Race and Ethnicity in Medical and Science ...,https://jamanetwork.com/journals/jama/fullarticle/2776936
Nutrition | Medscape,https://www.medscape.com/resource/nutrition
"Robert D. Bronstein, M.D. | UR Medicine",https://www.urmc.rochester.edu/people/112358653-robert-d-bronstein
"Global, regional, and national burden of diabetes from 1990 to 2021 ...",https://www.thelancet.com/journals/lancet/article/PIIS0140-6736(23)01301-6/fulltext
Theodore Miclau | UCSF Profiles,https://profiles.ucsf.edu/theodore.miclau
"Jay R. Lieberman, MD - Keck School of Medicine of USC",https://keck.usc.edu/faculty-search/jay-r-lieberman/
American Society of Hematology 2018 guidelines for management ...,https://ashpublications.org/bloodadvances/article/2/22/3360/16129/American-Society-of-Hematology-2018-guidelines-for
Implementation of One-Minute Preceptor for Clinical Teaching in ...,https://pubmed.ncbi.nlm.nih.gov/36879933/
Primary Dysmenorrhea and Menstrual Symptoms in Indian Female ...,https://www.ncbi.nlm.nih.gov/pmc/articles/PMC5016343/
Home | The Journal of Obstetrics and Gynecology of India,https://link.springer.com/journal/13224
"Archive of ""Journal of Obstetrics and Gynaecology of India"". - PMC",https://www.ncbi.nlm.nih.gov/pmc/journals/1511/
FIGO recommendations on the management of postpartum ...,https://obgyn.onlinelibrary.wiley.com/doi/10.1002/ijgo.14116
Survival with Cemiplimab in Recurrent Cervical Cancer | New ...,https://www.nejm.org/doi/full/10.1056/NEJMoa2112187
International Journal of Gynecology & Obstetrics - Wiley Online Library,https://obgyn.onlinelibrary.wiley.com/journal/18793479
Indian Journal of Psychological Medicine: Sage Journals,https://journals.sagepub.com/home/SZJ
2. Classification and Diagnosis of Diabetes: Standards of Medical ...,https://diabetesjournals.org/care/article/45/Supplement_1/S17/138925/2-Classification-and-Diagnosis-of-Diabetes
American Medical Association,https://www.ama-assn.org/
High-risk pregnancy in India: Prevalence and contributing risk ...,https://www.ncbi.nlm.nih.gov/pmc/articles/PMC10502764/
Partial mole with coexistent live fetus: A systematic review of case ...,https://pubmed.ncbi.nlm.nih.gov/35642357/
Prevalence of Polycystic Ovarian Syndrome in India: A Systematic ...,https://www.ncbi.nlm.nih.gov/pmc/articles/PMC9826643/
Clinician guidelines for the treatment of psychiatric disorders with ...,https://pubmed.ncbi.nlm.nih.gov/35311615/
What's your specialty? New data show the choices of America's ...,https://www.aamc.org/news/what-s-your-specialty-new-data-show-choices-america-s-doctors-gender-race-and-age
"National, regional, and global estimates of preterm birth in 2020 ...",https://www.thelancet.com/journals/lancet/article/PIIS0140-6736(23)00878-4/fulltext
Statin Use for the Primary Prevention of Cardiovascular Disease in ...,https://jamanetwork.com/journals/jama/fullarticle/2795521
Residency - Ob-Gyn UW-Madison,https://www.obgyn.wisc.edu/categories/residency
Antiretroviral Drugs for Treatment and Prevention of HIV Infection in ...,https://jamanetwork.com/journals/jama/fullarticle/2799240
)*.f;',https://blsmch.nic.in/wp-content/uploads/2022/06/FINAL-BOOK-TENDER-FMMCH-BALASORE.pdf
Cancer of the cervix uteri,https://pubmed.ncbi.nlm.nih.gov/30306584/
Knowledge of Palliative Care Among Medical Interns in a Tertiary ...,https://www.ncbi.nlm.nih.gov/pmc/articles/PMC4973498/
Effect of an ashwagandha (Withania Somnifera) root extract on ...,https://pubmed.ncbi.nlm.nih.gov/34553463/
Successful Management of Caesarean Scar Ectopic Pregnancies: A ...,https://www.ncbi.nlm.nih.gov/pmc/articles/PMC8607874/
Cancer of the cervix uteri - Bhatla - 2018 - International Journal of ...,https://obgyn.onlinelibrary.wiley.com/doi/10.1002/ijgo.12611
Electrosurgery and clinical applications of electrosurgical devices in ...,https://www.ncbi.nlm.nih.gov/pmc/articles/PMC6377004/
Use of Antenatal Corticosteroids at 22 Weeks of Gestation | ACOG,https://www.acog.org/clinical/clinical-guidance/practice-advisory/articles/2021/09/use-of-antenatal-corticosteroids-at-22-weeks-of-gestation
Adverse maternal outcomes of adolescent pregnancy in Northwest ...,https://www.ncbi.nlm.nih.gov/pmc/articles/PMC8457495/
Use of the Pfizer Respiratory Syncytial Virus Vaccine During ...,https://www.cdc.gov/mmwr/volumes/72/wr/mm7241e1.htm
Impact of a Blended Periconception Lifestyle Care Approach on ...,https://www.ncbi.nlm.nih.gov/pmc/articles/PMC7557440/
American Journal of Obstetrics & Gynecology: Home Page,https://www.ajog.org/
US Obstetrician-Gynecologists' Perceived Impacts of Post–Dobbs v ...,https://jamanetwork.com/journals/jamanetworkopen/fullarticle/2814017
Maternal mortality in the United States: are the high and rising rates ...,https://www.ajog.org/article/S0002-9378(24)00005-X/fulltext
Gender bias in the medical education of obstetrician-gynaecologists ...,https://pubmed.ncbi.nlm.nih.gov/35293613/
Journal of Reproductive Medicine Gynaecology & Obstetrics,https://www.heraldopenaccess.us/journals/journal-of-reproductive-medicine-gynaecology-obstetrics
"Current Evidence to Guide Practice, Policy, and Research: COVID ...",https://www.ncbi.nlm.nih.gov/pmc/articles/PMC9874045/
American Journal of Obstetrics & Gynecology MFM: Home Page,https://www.ajogmfm.org/
Association between menstrual cycle length and covid-19 ...,https://bmjmedicine.bmj.com/content/1/1/e000297
Abortion as Essential Health Care and the Critical Role Your ...,https://www.ncbi.nlm.nih.gov/pmc/articles/PMC9575566/
Obstetrics & Gynecology,https://journals.lww.com/greenjournal/pages/default.aspx
Standards of Care for the Health of Transgender and Gender ...,https://pubmed.ncbi.nlm.nih.gov/36238954/
"Table B3. Number of Active Residents, by Type of Medical School ...",https://www.aamc.org/data-reports/students-residents/data/report-residents/2023/table-b3-number-active-residents-type-medical-school-gme-specialty-and-gender
Statin Use for the Primary Prevention of Cardiovascular Disease in ...,https://jamanetwork.com/journals/jama/fullarticle/2795521
"Preeclampsia: Recent Advances in Predicting, Preventing, and ...",https://www.ncbi.nlm.nih.gov/pmc/articles/PMC9962022/
Pharmacologic and nonpharmacologic options for pain relief during ...,https://www.ajog.org/article/S0002-9378(23)00145-X/fulltext
A qualitative examination of the implementation of a perinatal ...,https://www.ncbi.nlm.nih.gov/pmc/articles/PMC9433954/
Dostarlimab for Primary Advanced or Recurrent Endometrial Cancer ...,https://www.nejm.org/doi/full/10.1056/NEJMoa2216334
Deep‐learning‐assisted algorithm for catheter reconstruction during ...,https://www.ncbi.nlm.nih.gov/pmc/articles/PMC8833281/
Ob-Gyn UW-Madison: Home Page,https://www.obgyn.wisc.edu/
Human Rights Crisis: Abortion in the United States After Dobbs ...,https://www.hrw.org/news/2023/04/18/human-rights-crisis-abortion-united-states-after-dobbs
Menstruation in the USA - PMC,https://www.ncbi.nlm.nih.gov/pmc/articles/PMC10810236/
Inequities in quality perinatal care in the United States during ...,https://pubmed.ncbi.nlm.nih.gov/36137150/
Use of Antenatal Corticosteroids at 22 Weeks of Gestation | ACOG,https://www.acog.org/clinical/clinical-guidance/practice-advisory/articles/2021/09/use-of-antenatal-corticosteroids-at-22-weeks-of-gestation
Obstetrics & Gynecology – Publications — UTMB Health Research ...,https://researchexperts.utmb.edu/en/organisations/obstetrics-gynecology-2/publications/
Maternal Respiratory Syncytial Virus Vaccination | ACOG,https://www.acog.org/clinical/clinical-guidance/practice-advisory/articles/2023/09/maternal-respiratory-syncytial-virus-vaccination
Racial and Ethnic Disparities in Maternal Mortality in the United ...,https://ajph.aphapublications.org/doi/10.2105/AJPH.2021.306375
Use of the Pfizer Respiratory Syncytial Virus Vaccine During ...,https://www.cdc.gov/mmwr/volumes/72/wr/mm7241e1.htm
Obstetrics/Gynecology | The New England Journal of Medicine,https://www.nejm.org/browse/specialty/obstetrics-gynecology
Human Rights Crisis: Abortion in the United States After Dobbs ...,https://www.hrw.org/news/2023/04/18/human-rights-crisis-abortion-united-states-after-dobbs
Dapagliflozin in Heart Failure with Mildly Reduced or Preserved ...,https://www.nejm.org/doi/full/10.1056/NEJMoa2206286
European Journal of Obstetrics and Gynecology and Reproductive ...,https://www.ejog.org/
IMAgiNE EURO: Maternal perspectives on the quality of maternal ...,https://obgyn.onlinelibrary.wiley.com/toc/18793479/2022/159/S1
ESGO/ESTRO/ESP guidelines for the management of patients with ...,https://pubmed.ncbi.nlm.nih.gov/33397713/
International Journal of Gynecology & Obstetrics - Wiley Online Library,https://obgyn.onlinelibrary.wiley.com/journal/18793479
International Journal of Gynecological Cancer: Homepage,https://ijgc.bmj.com/
Maternal mortality in the United States: are the high and rising rates ...,https://www.ajog.org/article/S0002-9378(24)00005-X/fulltext
European Journal of Obstetrics & Gynecology and Reproductive ...,https://www.sciencedirect.com/journal/european-journal-of-obstetrics-and-gynecology-and-reproductive-biology
Lenvatinib plus Pembrolizumab for Advanced Endometrial Cancer ...,https://www.nejm.org/doi/full/10.1056/NEJMoa2108330
"Archive of ""European Journal of Obstetrics & Gynecology and ...",https://www.ncbi.nlm.nih.gov/pmc/journals/3702/
Survival with Cemiplimab in Recurrent Cervical Cancer | New ...,https://www.nejm.org/doi/full/10.1056/NEJMoa2112187
Reviews in Cardiovascular Medicine,https://www.imrpress.com/journal/RCM/23/1
Stem Cell Therapy: From Idea to Clinical Practice,https://pubmed.ncbi.nlm.nih.gov/35269990/
Cardiorenal Impact of SGLT-2 Inhibitors: A Conceptual Revolution in ...,https://www.imrpress.com/journal/RCM/23/3/10.31083/j.rcm2303106
Major clinical research advances in gynecologic cancer in 2022 ...,https://www.ncbi.nlm.nih.gov/pmc/articles/PMC9995865/
Comparative Assessment of the Structural Features of Originator ...,https://www.mdpi.com/1422-0067/23/12/6762
Antiretroviral Drugs for Treatment and Prevention of HIV Infection in ...,https://jamanetwork.com/journals/jama/fullarticle/2799240
Weekly dose-dense chemotherapy in first-line epithelial ovarian ...,https://www.thelancet.com/article/S1470-2045(22)00283-2/fulltext
Olaparib plus bevacizumab first-line maintenance in ovarian cancer ...,https://www.annalsofoncology.org/article/S0923-7534(23)00686-5/fulltext
International Journal of Molecular Sciences | An Open Access ...,https://www.mdpi.com/journal/ijms
Standards of Care for Transgender and Gender Diverse People ...,https://jamanetwork.com/journals/jama/fullarticle/2805345
"Archive of ""European Journal of Obstetrics & Gynecology and ...",https://www.ncbi.nlm.nih.gov/pmc/journals/3702/
Dapagliflozin in Heart Failure with Mildly Reduced or Preserved ...,https://www.nejm.org/doi/full/10.1056/NEJMoa2206286
Screening for Alcohol Use in Pregnancy: a Review of Current ...,https://www.ncbi.nlm.nih.gov/pmc/articles/PMC8457028/
ESGO/ESTRO/ESP guidelines for the management of patients with ...,https://pubmed.ncbi.nlm.nih.gov/33397713/
Peer Review and Scientific Publication at a Crossroads: Call for ...,https://jamanetwork.com/journals/jama/fullarticle/2809861
The prevalence and phenotypic features of polycystic ovary ...,https://pubmed.ncbi.nlm.nih.gov/27664216/
Underlying Medical Conditions Associated with Higher Risk for ...,https://www.cdc.gov/coronavirus/2019-ncov/hcp/clinical-care/underlyingconditions.html
Effect of an ashwagandha (Withania Somnifera) root extract on ...,https://pubmed.ncbi.nlm.nih.gov/34553463/
Maternal Respiratory Syncytial Virus Vaccination | ACOG,https://www.acog.org/clinical/clinical-guidance/practice-advisory/articles/2023/09/maternal-respiratory-syncytial-virus-vaccination
Infertility and reproductive disorders: impact of hormonal and ...,https://pubmed.ncbi.nlm.nih.gov/26395640/
About the Performance of Latin American Gynecology and ...,https://www.ncbi.nlm.nih.gov/pmc/articles/PMC9948298/
Women Representation on Editorial Boards in Latin America ...,https://pubmed.ncbi.nlm.nih.gov/36587176/
BMC Women's Health: Home page,https://bmcwomenshealth.biomedcentral.com/
Latin American Obstetrics and Gynecology. What is Up with the ...,https://pubmed.ncbi.nlm.nih.gov/35213919/
US Obstetrician-Gynecologists' Perceived Impacts of Post–Dobbs v ...,https://jamanetwork.com/journals/jamanetworkopen/fullarticle/2814017
Journal of Politics in Latin America: Sage Journals,https://journals.sagepub.com/home/pla
Updated Guidance on the Reporting of Race and Ethnicity in ...,https://jamanetwork.com/journals/jama/fullarticle/2783090
Access to Contraception | ACOG,https://www.acog.org/clinical/clinical-guidance/committee-opinion/articles/2015/01/access-to-contraception
Maternal mortality linked to COVID-19 in Latin America: Results from ...,https://www.thelancet.com/journals/lanam/article/PIIS2667-193X(22)00086-2/fulltext
Obstetric Violence: An Intersectional Refraction through Abolition ...,https://anthrosource.onlinelibrary.wiley.com/doi/full/10.1002/fea2.12097
Colorectal Cancer Screening Programs in Latin America: A ...,https://jamanetwork.com/journals/jamanetworkopen/fullarticle/2814506
Evolution of Gestational Diabetes Mellitus across Continents in 21st ...,https://www.ncbi.nlm.nih.gov/pmc/articles/PMC9738915/
Statin Use for the Primary Prevention of Cardiovascular Disease in ...,https://jamanetwork.com/journals/jama/fullarticle/2795521
Analysis of the virtual healthcare model in Latin America: a ...,https://www.ncbi.nlm.nih.gov/pmc/articles/PMC11058594/
Standards of Care for the Health of Transgender and Gender ...,https://pubmed.ncbi.nlm.nih.gov/36238954/
Analysis of the virtual healthcare model in Latin America: a ...,https://mhealth.amegroups.org/article/view/122932/html
Underlying Medical Conditions Associated with Higher Risk for ...,https://www.cdc.gov/coronavirus/2019-ncov/hcp/clinical-care/underlyingconditions.html
"National, regional, and global estimates of preterm birth in 2020 ...",https://www.thelancet.com/journals/lancet/article/PIIS0140-6736(23)00878-4/fulltext
"Caesarean section rates continue to rise, amid growing inequalities ...",https://www.who.int/news/item/16-06-2021-caesarean-section-rates-continue-to-rise-amid-growing-inequalities-in-access
ERAS® Statistics | AAMC,https://www.aamc.org/data-reports/data/eras-statistics-data
Recognition and screening for Chagas disease in the USA - PMC,https://www.ncbi.nlm.nih.gov/pmc/articles/PMC8474340/
Dapagliflozin in Heart Failure with Mildly Reduced or Preserved ...,https://www.nejm.org/doi/full/10.1056/NEJMoa2206286
Exercise Is Medicine - PMC,https://www.ncbi.nlm.nih.gov/pmc/articles/PMC7444006/
Gestational Hypertension and Preeclampsia: ACOG Practice ...,https://pubmed.ncbi.nlm.nih.gov/32443079/
Racial and Ethnic Disparities in Maternal Mortality in the United ...,https://ajph.aphapublications.org/doi/10.2105/AJPH.2021.306375
The Reporting of Race and Ethnicity in Medical and Science ...,https://jamanetwork.com/journals/jama/fullarticle/2776936
Use of the Pfizer Respiratory Syncytial Virus Vaccine During ...,https://www.cdc.gov/mmwr/volumes/72/wr/mm7241e1.htm
Prosecuting Women for Self-Inducing Abortion: Counterproductive ...,https://www.guttmacher.org/gpr/2015/09/prosecuting-women-self-inducing-abortion-counterproductive-and-lacking-compassion
Underlying Medical Conditions Associated with Higher Risk for ...,https://www.cdc.gov/coronavirus/2019-ncov/hcp/clinical-care/underlyingconditions.html
U.S. Healthcare Rankings by State 2023 | Commonwealth Fund,https://www.commonwealthfund.org/publications/scorecard/2023/jun/2023-scorecard-state-health-system-performance
Orthopedic eponyms: Where are the women?,https://www.kevinmd.com/2022/01/orthopedic-eponyms-where-are-the-women.html
Industry 5.0 in Orthopaedics - PMC,https://www.ncbi.nlm.nih.gov/pmc/articles/PMC9485301/
Orthopedic surgical robotics market: Competitive landscape - Clarivate,https://clarivate.com/blog/orthopedic-surgical-robotics-market-competitive-landscape/
2023 Health Observances Calendar | Healthgrades Partner Solutions,https://b2b.healthgrades.com/insights/blog/2023-health-observances-calendar/
"Blog - Mountainstate Orthopedic Associates, Inc.",https://mountainstateorthopedic.com/blog/
The IMG List 2022 : Orthopedic Surgery - The Match Guy,https://thematchguy.com/orthopedic-surgery-img-list-2022/
Kevin Shea's Profile | Stanford Profiles,https://profiles.stanford.edu/196739
Our Blog | Orthopedic Surgery & Joint Replacement located in ...,https://www.jointpreservationinstitute.com/blog
6 Impressive SGU Residency Placement Facts | SGU,https://www.sgu.edu/blog/medical/sgu-residency-placement-facts/
An International Search of Hope- Maria's Story - Nemours Blog,https://blog.nemours.org/2022/03/an-international-search-of-hope-marias-story%EF%BF%BC/
blog Archives - Page 7 of 10 - Spine Surgery India,https://spinesurgeryindia.com/category/blog/page/7/
Appalachian Trials Bloggers,https://thetrek.co/the-bloggers/
A Guest Blog from Ari Katz on his Labrador Retriever Puppies - The ...,https://www.themarthablog.com/2021/04/a-guest-blog-from-ari-katz-on-his-labrador-retriever-puppies.html
COE - Students With Disabilities,https://nces.ed.gov/programs/coe/indicator/cgg/students-with-disabilities
Physician: Locum Tenens & Permanent Blogs | AMN Healthcare,https://www.amnhealthcare.com/blog/physician/
Blog Archive » Number of School Age IDEA-eligible Students ...,https://www.advocacyinstitute.org/blog/?p=1250
Blog - Marin Community Clinic,https://www.marinclinic.org/company/blog/
UCSD School of Medicine Secondary Application Essay Tips [2022 ...,https://blog.accepted.com/ucsd-school-of-medicine-secondary-application-essay-tips/
Types Of Surgeons: What Field Of Surgery Is Right For You? | RUSM,https://medical.rossu.edu/about/blog/types-of-surgeons
2023 Guide: How Much Do Physical Therapists Make?,https://www.usa.edu/blog/how-much-do-physical-therapists-make/
2023 Health Observances Calendar | Healthgrades Partner Solutions,https://b2b.healthgrades.com/insights/blog/2023-health-observances-calendar/
"Mininder Kocher, MD, MPH | Boston Children's Hospital",https://www.childrenshospital.org/directory/mininder-kocher
2024 Health Observances Calendar | Healthgrades Partner Solutions,https://b2b.healthgrades.com/insights/blog/2024-health-observances-calendar/
Kims Hospitals,https://www.kimshospitals.com/blog/
50 Best Doctors on Instagram to Follow in 2024 - BoardVitals Blog,https://www.boardvitals.com/blog/doctors-on-instagram/
Top 15 Orthopedics Surgeons in the World- Updated 2023 ...,https://www.clinicspots.com/blog/top-10-orthopedics-surgeons-in-the-world
Blogs on topics including arthroscopic knee surgery,https://dratulshrivastava.com/blog/
Current Concepts in Sports Injury Rehabilitation - PMC,https://www.ncbi.nlm.nih.gov/pmc/articles/PMC5609374/
30+ OT Certifications and Specialties • OT Potential,https://otpotential.com/blog/where-to-go-ot-degree
Orthopedic Doctor & Surgeon near me: Understanding which special,https://www.secondmedic.com/blogs/orthopedic-doctor-surgeonnear-me-specialist-doctor-you-need-to-call
Blog | Orthopedic Surgeon Pleasanton CA | Orthopedic Doctor San ...,https://www.trivalleyorthopedics.com/blog.html
U.S. News Reveals the 2022-2023 Best Children's Hospitals,https://www.usnews.com/info/blogs/press-room/articles/2022-06-14/u-s-news-reveals-the-2022-2023-best-childrens-hospitals
OrthoIndy Named Best Hospital for Patient Safety in Indiana ...,https://blog.orthoindy.com/2023/02/10/orthoindy-named-one-of-the-best-hospitals-for-patient-safety-in-indiana/
How many orthopedic surgeons practice in the U.S.? | Definitive ...,https://www.definitivehc.com/blog/how-many-orthopedic-surgeons-in-us
Blog and Happenings at LOG | Lancaster Orthopedic Group ...,https://lancasterortho.com/blog
Articles & Knowledge Base | Austin Orthopedic Institute,https://austinoi.com/blog/
Blog - Synergy Orthopedics,https://synergysmg.com/blog/
Blog - Ortho Illinois,https://www.orthoillinois.com/blog/
"Blog: Orthopedic Ultrasound, Inc: Medical Diagnostic Imaging ...",https://www.orthopedicultrasound.net/blog
News & Media - Sano Orthopedics,https://www.sanoorthopedics.com/news-media/
U.S. News Reveals the 2022-2023 Best Children's Hospitals,https://www.usnews.com/info/blogs/press-room/articles/2022-06-14/u-s-news-reveals-the-2022-2023-best-childrens-hospitals
The CMS Innovation Center's Strategy to Support Person-centered ...,https://www.cms.gov/blog/cms-innovation-centers-strategy-support-person-centered-value-based-specialty-care
Blog | Midwest Orthopaedics at Rush,https://www.rushortho.com/blog?page=4
Joe DiMaggio Children's Hospital,https://www.jdch.com/
Lake Charles Memorial Hospital Named on the Great Community ...,https://www.lcmh.com/blog/2023/august/lake-charles-memorial-hospital-named-on-the-grea/
Children's Hospital New Orleans has been recognized as a Best ...,https://www.chnola.org/news-blog/2022/june/u-s-news-world-report-names-children-s-hospital-/
"Jacob Hinkley, DO | Orthopedic Surgeon | Bone & Joint Specialist",https://www.osmc.com/our-providers/jacob-r-hinkley-do/
2023 Guide: How Much Do Physical Therapists Make?,https://www.usa.edu/blog/how-much-do-physical-therapists-make/
The Department of Medicine is Represented in the Latest U.S. News ...,https://renaissance.stonybrookmedicine.edu/medicine/news_blog/DOM_represented_US_News_world_report
Swedish among the U.S. News & World Report Best Hospitals for ...,https://blog.swedish.org/swedish-blog/swedish-among-the-u-s-news-world-report-best-hospitals-for-2022-23-2
Preventing Back Injuries in Health Care Settings | Blogs | CDC,https://blogs.cdc.gov/niosh-science-blog/2008/09/22/lifting/
2023 Health Observances Calendar | Healthgrades Partner Solutions,https://b2b.healthgrades.com/insights/blog/2023-health-observances-calendar/
Blog | Kenney Orthopedics,https://www.kenneyorthopedics.com/blog
Blog - Slocum Center for Orthopedics & Sports Medicine,https://slocumcenter.com/blog/
"Blog: Chris Boone, MD: Orthopedic Surgeon Bellevue, WA ...",https://christopherboonemd.com/blog/
Sano Orthopedics Hosts Blood Drive - Sano Orthopedics,https://www.sanoorthopedics.com/blood-drive-2021/
"Blogs | OSSP Center, Dr Trong B. Nguyen MD, Orthopedic Surgery",https://www.trongnguyenmd.com/blog.html
"""Lady Alice"" P-51 Mustang - September 22-24 - Lyon Air Museum",https://lyonairmuseum.org/blog/lady-alice-p-51-mustang-september-22-24/
Our Blog - Ortho Rhode Island,https://www.orthopedicsri.com/blog/page/23/
Orthopedics & Sports Medicine | Houston Methodist Leading ...,https://www.houstonmethodist.org/leading-medicine-blog/categories/orthopedics-and-sportsmedicine/
MedTech Europe Survey Report - MedTech Europe,https://www.medtecheurope.org/resource-library/medtech-europe-survey-report-analysing-the-availability-of-medical-devices-in-2022-in-connection-to-the-medical-device-regulation-mdr-implementation/
EPUAP 2023 – Prevention Proves Better than Cure for European ...,https://blog.smarttrak.com/epuap-2023-prevention-proves-better-than-cure-for-european-dressing-companies
5 orthopedic device market trends 2022 - Elos Medtech,https://elosmedtech.com/5-orthopedic-device-market-trends-2022/
The European Medical Device Market: Opportunities and Challenges,https://www.massoninternational.com/blog/european-medical-device-market
JOSPT Blog,https://www.jospt.org/blog
Orthopedic surgical robotics market: Competitive landscape - Clarivate,https://clarivate.com/blog/orthopedic-surgical-robotics-market-competitive-landscape/
Health at a Glance: Europe 2022,https://health.ec.europa.eu/system/files/2022-12/2022_healthatglance_rep_en_0.pdf
PeekMed® Events,https://blog.peekmed.com/events
Florida 500 Top Business Leaders 2022 - Dr. Dror Paley,https://paleyinstitute.org/blog/2023/11/06/dror-paley-md-named-to-florida-500-floridas-most-influential-business-leaders-2/
Blog Category - Current News | VOG - Veterinary Orthopedic and ...,https://www.vog-vet.org/blog/category/tekoce-novice/
PeekMed® Events,https://blog.peekmed.com/events
Appalachian Trials Bloggers,https://thetrek.co/the-bloggers/
2022-23 Men's Basketball Schedule - The University of St. Thomas,https://tommiesports.com/sports/mbball/schedule/2022-23
Anderson Knee and Shoulder Center San Francisco California,http://www.drlanderson.com/
Swedish among the U.S. News & World Report Best Hospitals for ...,https://blog.swedish.org/swedish-blog/swedish-among-the-u-s-news-world-report-best-hospitals-for-2022-23-2
Physical Therapy vs. Surgery: Is There A Better Option?,https://www.myopainseminars.com/resources/blog/physical-therapy-vs-surgery/
U.S. News and World Report ranks three Emory hospitals as best in ...,https://news.emory.edu/stories/2022/07/hs_2022_23_us_news_best_hospitals_26-07-2022/story.html
Untitled,https://microport.com/assets/blog/HKEX-EPS_20220427_10233073_0_EN.PDF
Lifestyle management of hypertension: International Society of ...,https://www.ncbi.nlm.nih.gov/pmc/articles/PMC10713007/
Battle Creek's Percy Jones General Hospital -- The Henry Ford Blog ...,https://www.thehenryford.org/explore/blog/percy-jones-general-hospital-battle-creek-michigan
50 Best Doctors on Instagram to Follow in 2024 - BoardVitals Blog,https://www.boardvitals.com/blog/doctors-on-instagram/
JOSPT Blog,https://www.jospt.org/blog
Privacy & Information Security Law Blog,https://www.huntonak.com/privacy-and-information-security-law/2020/09
A Bibliometric Analysis of the Top 100 Most Influential Studies on ...,https://www.ncbi.nlm.nih.gov/pmc/articles/PMC10277458/
Mending the Hard 'Knox' | Long-time orthopedic surgeon Dr. Tom ...,https://www.baxterhealth.org/news-updates/2023/september/mending-the-hard-knox-/
Top 15 Orthopedics Surgeons in the World- Updated 2023 ...,https://www.clinicspots.com/blog/top-10-orthopedics-surgeons-in-the-world
"Short of medics as virus surges, central Europe sounds alarm | AP ...",https://apnews.com/article/international-news-pandemics-virus-outbreak-public-health-poland-2c4315553109ed6f91c0507bd38fc3a4
Transvalor Blog,https://www.transvalor.com/en/blog
Melissa Grafe's blog | Page 5 | Harvey Cushing/John Hay Whitney ...,https://library.medicine.yale.edu/blogs/melissa-grafe?page=4
Peer Review and Scientific Publication at a Crossroads: Call for ...,https://jamanetwork.com/journals/jama/fullarticle/2809861
Blog | South Florida Orthopedic Group,https://southflorthogroup.com/blog/
Does OrthoIndy take my insurance? | OrthoIndy Blog,https://blog.orthoindy.com/2022/05/23/does-orthoindy-take-my-insurance-2/
Blog - Southeast Orthopedic Specialists,https://se-ortho.com/blog/
U.S. News Reveals the 2022-2023 Best Children's Hospitals,https://www.usnews.com/info/blogs/press-room/articles/2022-06-14/u-s-news-reveals-the-2022-2023-best-childrens-hospitals
Kevin Shea's Profile | Stanford Profiles,https://profiles.stanford.edu/196739
Blog | Shannon,https://www.shannonhealth.com/news/
The First Total Ankle Replacement In The South Shore Health System,https://southshoreorthopedics.com/the-first-total-ankle-replacement/
"Fast Facts on U.S. Hospitals, 2024 | AHA",https://www.aha.org/statistics/fast-facts-us-hospitals
6 Most Common Foot and Ankle Conditions - South Shore Orthopedics,https://southshoreorthopedics.com/6-most-common-foot-and-ankle-conditions/
Jorge Barla is the new AO Trauma Latin America Chairperson-elect,https://www.aofoundation.org/trauma/about-aotrauma/news/news-2022/2022_05-jorge-barla-ao-tla-chairperson-elect
U.S. News Reveals the 2022-2023 Best Children's Hospitals,https://www.usnews.com/info/blogs/press-room/articles/2022-06-14/u-s-news-reveals-the-2022-2023-best-childrens-hospitals
Blog :: NSRH,https://nsrh.org/news/blog
New Orthopedic Hospital,https://www.slhn.org/blog/2023/New-Orthopedic-Hospital
Appalachian Trials Bloggers,https://thetrek.co/the-bloggers/
COE - Students With Disabilities,https://nces.ed.gov/programs/coe/indicator/cgg/students-with-disabilities
The American Association of Orthodontists | AAO,https://aaoinfo.org/
Colorectal Cancer Screening Programs in Latin America: A ...,https://jamanetwork.com/journals/jamanetworkopen/fullarticle/2814506
2023 Guide: How Much Do Physical Therapists Make?,https://www.usa.edu/blog/how-much-do-physical-therapists-make/
University of South Dakota to play South Carolina State in women's ...,https://www.sanfordsports.com/blog/community/university-of-south-dakota-to-play-south-carolina-state-at-pentagon
What Can You Use Student Loans For? | Within Reach,https://www.salliemae.com/blog/what-to-use-student-loans-for
My Story: When the Signs of Sepsis are Missed | Blogs | CDC,https://blogs.cdc.gov/safehealthcare/my-story-when-the-signs-of-sepsis-are-missed/
Blog :: NSRH,https://nsrh.org/news/blog
Our Blog - Ortho Rhode Island,https://www.orthopedicsri.com/blog/page/22/?tag=arthroscopy
Don't prescribe tramadol - First10EM,https://first10em.com/tramadol/
NewSouth NeuroSpine | NewSouth NeuroSpine (NS2): Mississippi's ...,https://ns2.md/
Blogs & Stories | Altru Health System,https://www.altru.org/blog
MicroPort_JPM SF Conf_2022.01.03 v8,https://microport.com/assets/blog/MPSC-2022-Interim-Results-Presentation_20220901VF.pdf
FECA Circulars | U.S. Department of Labor,https://www.dol.gov/agencies/owcp/FECA/regs/compliance/DFECfolio/FECAcirculars
"Fast Facts on U.S. Hospitals, 2024 | AHA",https://www.aha.org/statistics/fast-facts-us-hospitals
South County Orthopedic Specialists | Orthopedic Specialists Irvine CA,https://www.scosortho.com/
Blog - Articles on Cosmetic Gynecology by Dr. Deepa Ganesh | DG ...,https://cosmeticgynaecology.com/blog/
Blog articles on Gynecology | Dr. Deepa Ganesh,https://deepaganesh.com/blog/
Reproductive Gynecology - Census Bureau Pages,https://data.census.gov/webpages?q=Reproductive%20Gynecology
"Our Blog | Obstetrics & Gynecology located in Amarillo, TX ...",https://www.panhandleobgyn.com/blog
7 Signs You May Need to See a Gynecologist | Houston Methodist ...,https://www.houstonmethodist.org/blog/articles/2022/aug/7-signs-you-should-see-a-gynecologist/
2023 Health Observances Calendar | Healthgrades Partner Solutions,https://b2b.healthgrades.com/insights/blog/2023-health-observances-calendar/
Recent Faculty Appointments — December 2022 | UAMS College of ...,https://medicine.uams.edu/blog/recent-faculty-appointments-december-2022/
Uncertainty Around Tests That Screen for Many Cancers - NCI,https://www.cancer.gov/news-events/cancer-currents-blog/2022/finding-cancer-early-mced-tests
Gyn Care 101: What to know about seeing a gynecologist - Harvard ...,https://www.health.harvard.edu/blog/gyn-care-101-what-to-know-about-seeing-a-gynecologist-202205162746
DePaula-Cox Joins Magnolia Obstetrics & Gynecology in Hammond,https://www.northoaks.org/blog/2022/august/depaula-cox-joins-magnolia-obstetrics-gynecology/
Blog - Caped India,https://www.capedindia.org/blog/
Human Rights Crisis: Abortion in the United States After Dobbs ...,https://www.hrw.org/news/2023/04/18/human-rights-crisis-abortion-united-states-after-dobbs
Types Of Surgeons: What Field Of Surgery Is Right For You? | RUSM,https://medical.rossu.edu/about/blog/types-of-surgeons
Blog - Marin Community Clinic,https://www.marinclinic.org/company/blog/
Physician: Locum Tenens & Permanent Blogs | AMN Healthcare,https://www.amnhealthcare.com/blog/physician/
Prevention and Control of Seasonal Influenza with Vaccines ...,https://www.cdc.gov/mmwr/volumes/71/rr/rr7101a1.htm
Why Parents Still Hesitate to Vaccinate Their Children Against ...,https://jamanetwork.com/journals/jama/fullarticle/2787289
Prevention and Control of Seasonal Influenza with Vaccines ...,https://www.cdc.gov/mmwr/volumes/72/rr/rr7202a1.htm
Ovarian Cancer — Cancer Stat Facts,https://seer.cancer.gov/statfacts/html/ovary.html
Changing scenario of C-section delivery in India: Understanding the ...,https://www.ncbi.nlm.nih.gov/pmc/articles/PMC8797113/
2023 Health Observances Calendar | Healthgrades Partner Solutions,https://b2b.healthgrades.com/insights/blog/2023-health-observances-calendar/
"Our Blog | Obstetrics & Gynecology located in Amarillo, TX ...",https://www.panhandleobgyn.com/blog
2024 Health Observances Calendar | Healthgrades Partner Solutions,https://b2b.healthgrades.com/insights/blog/2024-health-observances-calendar/
Use the Find Care tool to locate an in-network provider | GEHA,https://www.geha.com/en/geha-blog/healthy-living/2022/09/22/use-the-find-care-tool-to-locate-an-in-network-provider
Kims Hospitals,https://www.kimshospitals.com/blog/
Human Rights Crisis: Abortion in the United States After Dobbs ...,https://www.hrw.org/news/2023/04/18/human-rights-crisis-abortion-united-states-after-dobbs
Why Health Care Is Harder to Access in Rural America | U.S. GAO,https://www.gao.gov/blog/why-health-care-harder-access-rural-america
U.S. Maternal Mortality vs. 10 Countrie | Commonwealth Fund,https://www.commonwealthfund.org/publications/issue-briefs/2020/nov/maternal-mortality-maternity-care-us-compared-10-countries
Public Disclosure on Social Media of Identifiable Patient Information ...,https://www.ncbi.nlm.nih.gov/pmc/articles/PMC7492977/
Doula Care and Maternal Health: An Evidence Review,https://aspe.hhs.gov/sites/default/files/documents/dfcd768f1caf6fabf3d281f762e8d068/ASPE-Doula-Issue-Brief-12-13-22.pdf
U.S. Maternal Depression Screening Rates Released for the First ...,https://www.2020mom.org/blog/2022/11/14/us-maternal-depression-screening-rates-released-for-the-first-time-through-hedis
What History Reveals: Slavery and the Development of U.S. ...,https://circulatingnow.nlm.nih.gov/2022/02/03/what-history-reveals-slavery-and-the-development-of-u-s-gynecology/
"Appointment wait times increase across specialties, but not in family ...",https://www.aafp.org/pubs/fpm/blogs/inpractice/entry/wait-times.html
Blog - Gynecology Associates of Gwinnett,https://gyngwinnett.com/blog/
Rate of Overdue Cervical Cancer Screening Is Increasing - NCI,https://www.cancer.gov/news-events/cancer-currents-blog/2022/overdue-cervical-cancer-screening-increasing
Oakdale ObGyn Blog Archives | Premier Women's Health of Minnesota,https://premierwomenshealthmn.com/category/oakdale-obgyn-blog/
Blog | Women's Health Care Associates | Littleton and Sky Ridge,https://www.whcaobgyn.com/easy-blog
Blog | Your 21st Century ... - Central Phoenix Obstetrics & Gynecology,https://centralphoenixobgyn.com/blog/
"Blog: Karen E. Kennedy, MD: Gynecology Gulf Breeze, FL",https://www.karenkennedymd.com/blog
Male Physicians Earn More Than Women in Primary and Specialty ...,https://www.commonwealthfund.org/blog/2022/male-physicians-earn-more-women-primary-and-specialty-care
President's Blog | ACOG,https://www.acog.org/news/presidents-blog
Human Rights Crisis: Abortion in the United States After Dobbs ...,https://www.hrw.org/news/2023/04/18/human-rights-crisis-abortion-united-states-after-dobbs
Two M Health Fairview hospitals named among best in Minnesota in ...,https://www.mhealthfairview.org/blog/us-news-world-report-best-hospitals-2022
Cedars-Sinai Ranked #2 Hospital in Nation by U.S. News & World ...,https://www.cedars-sinai.org/newsroom/cedars-sinai-ranked-2-hospital-in-nation-by-us-news--world-report/
Cedars-Sinai Ranked #2 Hospital in Nation by U.S. News & World ...,https://pulse.cedars-sinai.org/news/cedars-sinai-ranked-2-hospital-in-nation-by-u-s-news-and-world-report
15% fewer med-school grads applied for residencies in Kentucky ...,https://cidev.uky.edu/kentuckyhealthnews/2024/05/16/15-fewer-med-school-grads-applied-for-residencies-in-kentucky-this-year-med-school-association-attributes-that-to-abortion-ban/
The Big Health Care Wins in California's State Budget - California ...,https://www.chcf.org/blog/big-health-care-wins-state-budget/
Joe DiMaggio Children's Hospital,https://www.jdch.com/
UCI Health among America's Best Hospitals for 22nd consecutive year,https://www.ucihealth.org/news/2022/07/uci-health-among-best-us-hospitals-for-22nd-year
"Millicent King Channell, DO, MA, FAAO, FNAOME, president-elect of ...","https://sites.rowan.edu/diversity-equity-inclusion/blog/2022/04/millicent-king-channell,-do,-ma,-faao,-fnaome,-elected-president-elect-of-national-osteopathic-medical-association.html"
Dr. Brooke Naffziger Joins Carolina Women's Physicians | Lexington ...,https://blog.lexmed.com/home/blog/2018/09/22/dr-brooke-naffziger-joins-carolina-womens-physicians
"Blog | OBGYN in Chicago, IL | Comprehensive Wellness Care, LLC",https://www.cwcwomenshealth.com/blog/
Dobbs v. Jackson Women's Health Organization - SCOTUSblog,https://www.scotusblog.com/case-files/cases/dobbs-v-jackson-womens-health-organization/
"Blog Archive | Gynecologists located in Decatur, GA | Dekalb ...",https://www.dekalbwomen.com/blog-archive
Why Health Care Is Harder to Access in Rural America | U.S. GAO,https://www.gao.gov/blog/why-health-care-harder-access-rural-america
2023 Health Observances Calendar | Healthgrades Partner Solutions,https://b2b.healthgrades.com/insights/blog/2023-health-observances-calendar/
Human Rights Crisis: Abortion in the United States After Dobbs ...,https://www.hrw.org/news/2023/04/18/human-rights-crisis-abortion-united-states-after-dobbs
James Marion Sims: Father of Modern Gynecology or Abuser? | The ...,https://collegeofphysicians.org/programs/education-blog/james-marion-sims-father-modern-gynecology-or-abuser/
Do Gynecologic Conditions Run in the Family? | Houston Methodist ...,https://www.houstonmethodist.org/blog/articles/2020/sep/do-gynecologic-conditions-run-in-the-family/
Blog | ETS OBGYN,https://etsobgyn.com/insights/
European Journal of Obstetrics and Gynecology and Reproductive ...,https://www.ejog.org/
7 Signs You May Need to See a Gynecologist | Houston Methodist ...,https://www.houstonmethodist.org/blog/articles/2022/aug/7-signs-you-should-see-a-gynecologist/
Surgery for Recurrent Ovarian Cancer May Help Selected Patients ...,https://www.cancer.gov/news-events/cancer-currents-blog/2022/ovarian-cancer-return-surgery-desktop-iii
When Should You See a Gynecologist for the First Time? | Houston ...,https://www.houstonmethodist.org/blog/articles/2022/feb/when-should-you-see-a-gynecologist-for-the-first-time/
Uncertainty Around Tests That Screen for Many Cancers - NCI,https://www.cancer.gov/news-events/cancer-currents-blog/2022/finding-cancer-early-mced-tests
News & Blog – EURAPAG,https://www.eurapag.com/publications/news/
ISGE News & Blog – ISGE,https://www.isge.org/isge-news-blog/
Health at a Glance: Europe 2022,https://health.ec.europa.eu/system/files/2022-12/2022_healthatglance_rep_en_0.pdf
Individual and country‐level variables associated with the ...,https://obgyn.onlinelibrary.wiley.com/doi/abs/10.1002/ijgo.14459
"ASIS Europe event blog, ASIS Europe event updates Blog",https://asiseurope.org/asis-europe-blog-and-event-updates/
Duke Medical Center Library & Archives Blog | Duke University ...,https://mclibrary.duke.edu/about/blog?page=6
IP and the Retained EU Law (Revocation and Reform) Bill 2022-23 ...,https://www.fieldfisher.com/en/services/intellectual-property/intellectual-property-blog/ip-and-the-retained-eu-law-revocation-and-reform-bill-2022-23
"Abortion, Minors, and the Ethics of Parental Consent - Markkula ...",https://www.scu.edu/ethics/healthcare-ethics-blog/abortion-minors-and-the-ethics-of-parental-consent/
European Consensus Guidelines on the Management of ...,https://karger.com/neo/article/120/1/3/832551/European-Consensus-Guidelines-on-the-Management-of
"Blog from January, 2022 - NICHD Connection - Science@NICHD",https://science.nichd.nih.gov/confluence/display/newsletter/2022/01
Cardiorenal Impact of SGLT-2 Inhibitors: A Conceptual Revolution in ...,https://www.imrpress.com/journal/RCM/23/3/10.31083/j.rcm2303106
Cedars-Sinai Ranked No. 2 Hospital in the USA | Cedars-Sinai,https://www.cedars-sinai.org/international-stories/cedars-sinai-ranked-2-hospital-usa.html
Human Rights Crisis: Abortion in the United States After Dobbs ...,https://www.hrw.org/news/2023/04/18/human-rights-crisis-abortion-united-states-after-dobbs
Prevention and Control of Seasonal Influenza with Vaccines ...,https://www.cdc.gov/mmwr/volumes/71/rr/rr7101a1.htm
Infertility Statistics and Survey 2024 | SingleCare,https://www.singlecare.com/blog/news/infertility-statistics/
U.S. Maternal Mortality vs. 10 Countrie | Commonwealth Fund,https://www.commonwealthfund.org/publications/issue-briefs/2020/nov/maternal-mortality-maternity-care-us-compared-10-countries
Dobbs v. Jackson Women's Health Organization - SCOTUSblog,https://www.scotusblog.com/case-files/cases/dobbs-v-jackson-womens-health-organization/
50 Best Doctors on Instagram to Follow in 2024 - BoardVitals Blog,https://www.boardvitals.com/blog/doctors-on-instagram/
Docket for 19-1392,https://www.supremecourt.gov/docket/docketfiles/html/public/19-1392.html
Stressful experiences impact clinical symptoms in people with ...,https://www.ncbi.nlm.nih.gov/pmc/articles/PMC9641793/
Unexpected vaginal bleeding and COVID-19 vaccination in ...,https://www.science.org/doi/10.1126/sciadv.adg1391
Human Rights Crisis: Abortion in the United States After Dobbs ...,https://www.hrw.org/news/2023/04/18/human-rights-crisis-abortion-united-states-after-dobbs
European Consensus Guidelines on the Management of ...,https://karger.com/neo/article/120/1/3/832551/European-Consensus-Guidelines-on-the-Management-of
Team Blog — International School of Medicine,https://www.international-school-of-medicine.org/team-blog
Global consensus recommendations on menopause in the ...,https://pubmed.ncbi.nlm.nih.gov/34274202/
"Let Them Be Girls, and Not Mothers Before Time - Blog - ISGLOBAL",https://www.isglobal.org/en/healthisglobal/-/custom-blog-portlet/ser-madre-adolescente-en-ecuador/5083982/9801
"ACGME e-Communication - September 6, 2022",https://www.acgme.org/newsroom/blog/2022/acgme-e-communication-september-6-2022/
Blog | Your 21st Century ... - Central Phoenix Obstetrics & Gynecology,https://centralphoenixobgyn.com/blog/
U.S. Maternal Depression Screening Rates Released for the First ...,https://www.2020mom.org/blog/2022/11/14/us-maternal-depression-screening-rates-released-for-the-first-time-through-hedis
"Fast Facts on U.S. Hospitals, 2024 | AHA",https://www.aha.org/statistics/fast-facts-us-hospitals
BMC Women's Health: Home page,https://bmcwomenshealth.biomedcentral.com/
GynecologyCare Blog,https://hscweb3.hsc.usf.edu/careblog/category/gynecology/
About the Performance of Latin American Gynecology and ...,https://www.scielo.br/j/rbgo/a/qZkNrH83wDmLkqc7fhTkjXD/
Obstetrics and GynecologyCare Blog,https://hscweb3.hsc.usf.edu/careblog/category/womens-health/obstetrics-and-gynecology/
menoPAUSE Blog - Gynecology - UR Medicine Obstetrics ...,https://www.urmc.rochester.edu/ob-gyn/ur-medicine-menopause-and-womens-health/menopause-blog/april-2022/in-my-women%E2%80%99s-group-much-of-our-conversation-is-ab.aspx
Colorectal Cancer Screening Programs in Latin America: A ...,https://jamanetwork.com/journals/jamanetworkopen/fullarticle/2814506
Human Rights Crisis: Abortion in the United States After Dobbs ...,https://www.hrw.org/news/2023/04/18/human-rights-crisis-abortion-united-states-after-dobbs
Maine – Eastern States Blog,https://easternstates.heart.org/maine/
"DUH Ranked Best Cancer Hospital in Southeast, in Top 25 Nationally",https://www.dukecancerinstitute.org/blogs/duh-ranked-best-cancer-hospital-southeast-top-25-nationally
AdventHealth for Women,https://www.adventhealth.com/adventhealth-women
Maternal health,https://www.who.int/health-topics/maternal-health
U.S. Healthcare Rankings by State 2023 | Commonwealth Fund,https://www.commonwealthfund.org/publications/scorecard/2023/jun/2023-scorecard-state-health-system-performance
Infertility Statistics and Survey 2024 | SingleCare,https://www.singlecare.com/blog/news/infertility-statistics/
New Orthopedic Hospital,https://www.slhn.org/blog/2023/New-Orthopedic-Hospital
Humanities Center Event Co-Sponsorships | Center for the Humanities,https://humanities.wustl.edu/events/co-sponsorships
Dobbs v. Jackson Women's Health Organization - SCOTUSblog,https://www.scotusblog.com/case-files/cases/dobbs-v-jackson-womens-health-organization/
U.S. Government Accountability Office (U.S. GAO),https://www.gao.gov/
Human Rights Crisis: Abortion in the United States After Dobbs ...,https://www.hrw.org/news/2023/04/18/human-rights-crisis-abortion-united-states-after-dobbs
Docket for 19-1392,https://www.supremecourt.gov/docket/docketfiles/html/public/19-1392.html
U.S. Maternal Mortality vs. 10 Countrie | Commonwealth Fund,https://www.commonwealthfund.org/publications/issue-briefs/2020/nov/maternal-mortality-maternity-care-us-compared-10-countries
"Fast Facts on U.S. Hospitals, 2024 | AHA",https://www.aha.org/statistics/fast-facts-us-hospitals
American Society of Hematology 2018 guidelines for management ...,https://ashpublications.org/bloodadvances/article/2/22/3317/16094/American-Society-of-Hematology-2018-guidelines-for
Urinary incontinence and health seeking behavior among White ...,https://www.ncbi.nlm.nih.gov/pmc/articles/PMC5002243/
"Let Them Be Girls, and Not Mothers Before Time - Blog - ISGLOBAL",https://www.isglobal.org/en/healthisglobal/-/custom-blog-portlet/ser-madre-adolescente-en-ecuador/5083982/9801
Racial and Ethnic Disparities in Perinatal Insurance Coverage - PMC,https://www.ncbi.nlm.nih.gov/pmc/articles/PMC7098441/
Musculoskeletal health,https://www.who.int/news-room/fact-sheets/detail/musculoskeletal-conditions
MicroPort Orthopedics Expands Commercial Leadership Team with ...,https://www.prnewswire.com/news-releases/microport-orthopedics-expands-commercial-leadership-team-with-global-vice-president-of-marketing-and-professional-education-and-north-america-vice-president-of-sales-301642164.html
"Latest Medical News, Clinical Trials, Guidelines - Today on Medscape",https://www.medscape.com/
Breg Partners with Correal International to Provide Orthopedic ...,https://www.prnewswire.com/in/news-releases/breg-partners-with-correal-international-to-provide-orthopedic-products-to-physicians--patients-in-china-301730898.html
Orthopedic Devices Market worth $48.1 billion - Ortho Spine News,https://orthospinenews.com/2023/03/16/orthopedic-devices-market-worth-48-1-billion-marketsandmarkets/
Stryker - Stryker reports 2022 operating results and 2023 outlook,https://investors.stryker.com/press-releases/news-details/2023/Stryker-reports-2022-operating-results-and-2023-outlook/default.aspx
News and Awards - Top 10 orthopedic hospital in India -Germanten ...,https://www.germantenhospitals.com/media-and-news/
News Archive | OREC // Orthopaedic & Rehabilitation Engineering ...,https://mcw.marquette.edu/orthopaedic-and-rehabilitation-engineering-center/news-archive.php
Orthopedic Walk-In Hours | The University of Kansas Health System,https://www.kansashealthsystem.com/news-room/news/2023/11/orthopedic-walk-in-hours-available
Zimmer Biomet: Innovations in Orthopedic Care,https://www.zimmerbiomet.com/en
Stryker - Stryker reports 2022 operating results and 2023 outlook,https://investors.stryker.com/press-releases/news-details/2023/Stryker-reports-2022-operating-results-and-2023-outlook/default.aspx
What's your specialty? New data show the choices of America's ...,https://www.aamc.org/news/what-s-your-specialty-new-data-show-choices-america-s-doctors-gender-race-and-age
Nationally Recognized Orthopedic Surgeons Partneri | Newswise,https://www.newswise.com/articles/nationally-recognized-orthopedic-surgeons-partnering-with-hackensack-meridian-to-launch-new-state-of-the-art-practice-orthopedic-specialists-of-new-jersey2
COE - Students With Disabilities,https://nces.ed.gov/programs/coe/indicator/cgg/students-with-disabilities
University Hospital | Locations and Clinics | UW Health,https://www.uwhealth.org/locations/university-hospital-170
"U.S. News & World Report: News, Rankings and Analysis on Politics ...",https://www.usnews.com/
Holston Valley Medical Center | a Ballad Health Hospital in ...,https://www.balladhealth.org/locations/hospitals/holston-valley
Five Northwell hospitals earn top 50 specialty ratings by US News ...,https://www.northwell.edu/news/the-latest/five-northwell-hospitals-earn-top-50-specialty-ratings-by-us-news
View All News - News - Oakland University William Beaumont ...,https://oakland.edu/medicine/news/index
HSS Earns Unprecedented 13th Consecutive National No. 1 ...,https://www.prnewswire.com/news-releases/hss-earns-unprecedented-13th-consecutive-national-no-1-ranking-in-orthopedics-by-us-news--world-report-301592834.html
Palliative Care in Musculoskeletal Oncology - PMC,https://www.ncbi.nlm.nih.gov/pmc/articles/PMC4973483/
"Latest Medical News, Clinical Trials, Guidelines - Today on Medscape",https://www.medscape.com/
"DeRoyal Industries, Inc.",https://sfdev.deroyal.com/home
Aligarh Muslim University News - Orthopaedic Surgery resident ...,https://m.facebook.com/proamuofficial/photos/a.169403570206891/1213108242503080/?type=3
"Orthopedic Surgery San Diego | Oceanside - Harish S Hosalkar, MD",http://www.drhosalkar.com/my-practice/harish-s-hosalkar-md/harish-s-hosalkar-md-profile/
Brainlab News,https://www.brainlab.com/press-releases-landingpage/
Search Data Security Breaches | State of California - Department of ...,https://oag.ca.gov/privacy/databreach/list
Dignity Foods – I Am The Source,https://www.iamthesource.org/dignity-food-truck/
Musculoskeletal health,https://www.who.int/news-room/fact-sheets/detail/musculoskeletal-conditions
"Srinivas N. Pentyala, PhD | Renaissance School of Medicine at ...",https://renaissance.stonybrookmedicine.edu/anesthesiology/faculty/Pentyala
Best Hospitals for Orthopedics | US News Rankings & Ratings,https://health.usnews.com/best-hospitals/rankings/orthopedics
Which surgeon demographic factors influence postoperative ...,https://pubmed.ncbi.nlm.nih.gov/35781346/
Shriners Children's Recognized Five Times for Orthopedics by U.S. ...,https://www.shrinerschildrens.org/en/news-and-media/news/2022/06/us-news-and-world-report-22-23
U.S. News Reveals the 2022-2023 Best Children's Hospitals,https://www.usnews.com/info/blogs/press-room/articles/2022-06-14/u-s-news-reveals-the-2022-2023-best-childrens-hospitals
Hoag Orthopedic Institute Named '2021-2022 Best Hospital' by U.S. ...,https://www.hoagorthopedicinstitute.com/press-center/press-releases/2021/hoag-orthopedic-institute-named-2021-2022-best-h/
HSS Lerner Children's Pavilion Rises to Top 10 for Pediatric ...,https://news.hss.edu/hss-lerner-childrens-pavilion-rises-to-top-10-for-pediatric-orthopedics-in-us-news--world-reports-best-childrens-hospital-2022-2023/
25 top hospitals for orthopedics 2022-23: US News,https://www.beckersspine.com/orthopedic/54809-25-top-hospitals-for-orthopedics-in-2022-us-news.html
Hoag Orthopedic Institute Named '2022-2023 Best Hospital' by U.S. ...,https://www.hoagorthopedicinstitute.com/press-center/press-releases/2022/hoag-orthopedic-institute-named-2022-2023-best-h/
200+ best orthopedic ASCs: US News,https://www.beckersasc.com/asc-news/200-best-orthopedic-ascs-us-news.html
UC San Diego Health Ranks #1 Regionally by U.S. News & World ...,https://health.ucsd.edu/news/press-releases/2022-07-25-uc-san-diego-health-ranks-number-1-regionally-by-us-news-and-world-report/
U.S. News Reveals the 2022-2023 Best Children's Hospitals,https://www.usnews.com/info/blogs/press-room/articles/2022-06-14/u-s-news-reveals-the-2022-2023-best-childrens-hospitals
25 top hospitals for orthopedics 2022-23: US News,https://www.beckersspine.com/orthopedic/54809-25-top-hospitals-for-orthopedics-in-2022-us-news.html
UCHealth Orthopedics Clinic – Anschutz Medical Campus | metro ...,https://www.uchealth.org/locations/uchealth-orthopedics-anschutz/
Shriners Children's Recognized Five Times for Orthopedics by U.S. ...,https://www.shrinerschildrens.org/en/news-and-media/news/2022/06/us-news-and-world-report-22-23
Best Hospitals for Orthopedics | US News Rankings & Ratings,https://health.usnews.com/best-hospitals/rankings/orthopedics
Hoag Orthopedic Institute Named '2022-2023 Best Hospital' by U.S. ...,https://www.hoagorthopedicinstitute.com/press-center/press-releases/2022/hoag-orthopedic-institute-named-2022-2023-best-h/
"Mercy Recognized by U.S. News and World Report's ""Best Hospital ...",https://mdmercy.com/about-mercy/news-and-media/news/2022/july/mercy-recognized-by-us-news-and-world-report-as-best-hospital
U.S. News & World Report names Dayton Children's Hospital ...,https://www.childrensdayton.org/the-hub/us-news-world-report-names-dayton-childrens-hospital-among-best-pediatric-orthopedic-care
Kentucky Children's Hospital Ranked Among the Best in the Nation ...,https://uknow.uky.edu/uk-healthcare/kentucky-childrens-hospital-ranked-among-best-nation-heart-care-orthopedics-us-news
Rankings | Fall 2022 | UC Davis Health Magazine,https://health.ucdavis.edu/health-magazine/issues/fall2022/in-brief/rankings.html
"News | News | OrthoNY | Orthopedic Care Albany, New York",https://www.orthony.com/news-events/news/?pl=1288&plc=374&pg=3
U.S. News & World Report | Children's Hospital Los Angeles,https://www.chla.org/about-childrens-hospital-los-angeles/us-news-world-report
Company News - Orthopedic Associates of Hartford,https://oahct.com/oah-news/company-news/
OSI In The News - Orthopedic Surgeons Inc.,https://kcorthopedics.com/news/
3 Keys to a Top Hospital Orthopedic Program,https://www.hss.edu/newsroom_key-to-top-orthopedic-program.asp
"CUIMC Update - September 22, 2022 | Columbia University Irving ...",https://www.cuimc.columbia.edu/news/cuimc-update-september-22-2022
General News Archives - Page 4 of 40 - Twin Cities Orthopedics,https://tcomn.com/category/general-news/page/4/
School of Medicine names orthopedic physical therapist | School of ...,https://medicine.wvu.edu/news/story?headline=school-of-medicine-names-orthopedic-physical-therapist
"Healthcare News | Clayton E. Nelson, M.D., Orthopedic Surgeon ...",https://www.oklahomahand.com/healthcare-news-pl743.html
press releases,https://www.medacta.com/EN/press
Musculoskeletal health,https://www.who.int/news-room/fact-sheets/detail/musculoskeletal-conditions
3D Orthopedic Implant Tech Startup Restor3d Lands $70M Financing,https://news.crunchbase.com/health-wellness-biotech/restor3d-orthopedic-implant-tech-startup/
Best Specialized Hospitals 2022 - Orthopedics - Newsweek,https://www.newsweek.com/worlds-best-specialized-hospitals-2022/orthopedics
Ocular Surgery News Europe Edition | Current Issue - Healio,https://www.healio.com/news/ophthalmology/current-issues/ocular-surgery-news-europe-edition
Stryker - Stryker reports 2022 operating results and 2023 outlook,https://investors.stryker.com/press-releases/news-details/2023/Stryker-reports-2022-operating-results-and-2023-outlook/default.aspx
Latest News - Hosting the 2022 AOSSM/ESSKA,https://www.michaelalaiamd.com/latest-news-pl111/hosting-the-2022-aossmesska-p32460.html
Leading orthopedic spine surgeon on benefits of medical exercise ...,https://davidhealth.com/global-content/dr-berjano-europes-leading-orthopedic-spine-surgeon-medical-exercise-therapy/
Surgical MedBot CE Marking | News | MicroPort,https://microport.com/news/microport-medbot-skywalker-orthopedic-surgical-robot-obtains-ce-marking-in-eu
European Medicines Agency: Homepage,https://www.ema.europa.eu/en/homepage
"European Society of Sports Traumatology, Knee Surgery and ...",https://www.esska.org/
Stryker - Stryker reports 2022 operating results and 2023 outlook,https://investors.stryker.com/press-releases/news-details/2023/Stryker-reports-2022-operating-results-and-2023-outlook/default.aspx
Best Specialized Hospitals 2022 - Orthopedics - Newsweek,https://www.newsweek.com/worlds-best-specialized-hospitals-2022/orthopedics
News,https://sahortho.com/news-events
2022-2023 best hospitals rankings in adult specialties - WTOP News,https://wtop.com/health-fitness/2022/07/2022-2023-best-hospitals-rankings-in-adult-specialties/
News in paediatric orthopaedic surgery: an overview of the latest ...,https://europepmc.org/article/med/37300564
Artificial Intelligence and Machine Learning (AI/ML)-Enabled ...,https://www.fda.gov/medical-devices/software-medical-device-samd/artificial-intelligence-and-machine-learning-aiml-enabled-medical-devices
Medtronic reports first quarter fiscal 2023 financial results - Aug 23 ...,https://news.medtronic.com/2022-08-23-Medtronic-reports-first-quarter-fiscal-2023-financial-results
"UCHealth Poudre Valley Hospital | Fort Collins, CO",https://www.uchealth.org/locations/uchealth-poudre-valley-hospital/
Trail Blazers Announce Basketball Operations Additions and ...,https://www.nba.com/blazers/news/trail-blazers-announce-basketball-operations-additions-and-promotions
Hockey Operations | Montréal Canadiens,https://www.nhl.com/canadiens/team/hockey-operations
press releases,https://www.medacta.com/EN/press
European Association for the Study of Diabetes (EASD) 2015 ...,https://www.medscape.com/viewcollection/33464
Scandal grows over children's spinal surgery in Ireland | Ireland ...,https://www.theguardian.com/world/2023/sep/22/children-spinal-surgery-ireland-dublin
"SEC News Digest, September 22, 2000",https://www.sec.gov/news/digest/2000/dig092200.pdf
Cardiology News & Opinion – theheart.org | Medscape,https://www.medscape.com/cardiology
The 3rd Sino-Euro International Orthopedics Summit (Global Live ...,https://www.gloryren.com/news/shownews.php?id=932&lang=en
Musculoskeletal health,https://www.who.int/news-room/fact-sheets/detail/musculoskeletal-conditions
Artificial Intelligence and Machine Learning (AI/ML)-Enabled ...,https://www.fda.gov/medical-devices/software-medical-device-samd/artificial-intelligence-and-machine-learning-aiml-enabled-medical-devices
Men's Golf - Oakland University Athletics,https://goldengrizzlies.com/sports/mens-golf
Latest News - X-BOLT,https://www.x-bolt.com/about/news/
3D Orthopedic Implant Tech Startup Restor3d Lands $70M Financing,https://news.crunchbase.com/health-wellness-biotech/restor3d-orthopedic-implant-tech-startup/
Shriners Children's Recognized Five Times for Orthopedics by U.S. ...,https://www.shrinerschildrens.org/en/news-and-media/news/2022/06/us-news-and-world-report-22-23
U.S. News Reveals the 2022-2023 Best Children's Hospitals,https://www.usnews.com/info/blogs/press-room/articles/2022-06-14/u-s-news-reveals-the-2022-2023-best-childrens-hospitals
Best Hospitals for Orthopedics | US News Rankings & Ratings,https://health.usnews.com/best-hospitals/rankings/orthopedics
Best Specialized Hospitals 2022 - Orthopedics - Newsweek,https://www.newsweek.com/worlds-best-specialized-hospitals-2022/orthopedics
Global Orthodontic and Orthopedic Market Report 2024: Historical ...,https://finance.yahoo.com/news/global-orthodontic-orthopedic-market-report-070100627.html
AMERICAN ORTHOPEDIC PARTNERS ACQUIRES PLATFORM ...,https://www.prnewswire.com/news-releases/american-orthopedic-partners-acquires-platform-new-jersey-practice-with-addition-of-premier-orthopaedic-associates-301706854.html
UCHealth Orthopedics Clinic – Anschutz Medical Campus | metro ...,https://www.uchealth.org/locations/uchealth-orthopedics-anschutz/
News,https://www.southcom.mil/MEDIA/NEWS-ARTICLES/Tag/124433/orthopedic-surgeries/
Jorge Barla is the new AO Trauma Latin America Chairperson-elect,https://www.aofoundation.org/trauma/about-aotrauma/news/news-2022/2022_05-jorge-barla-ao-tla-chairperson-elect
U.S. News Reveals the 2022-2023 Best Children's Hospitals,https://www.usnews.com/info/blogs/press-room/articles/2022-06-14/u-s-news-reveals-the-2022-2023-best-childrens-hospitals
UCHealth Memorial Hospital Central | Colorado Springs | UCHealth,https://www.uchealth.org/locations/uchealth-memorial-hospital-central/
Holy Cross Health Orthopedic Institute Welcomes Sports Medicine ...,https://southfloridahospitalnews.com/holy-cross-health-orthopedic-institute-welcomes-sports-medicine-physician-with-ncaa-d1-experience/
Choosing Our Program,https://www.cookchildrens.org/international/choosing/
25 top hospitals for orthopedics 2022-23: US News,https://www.beckersspine.com/orthopedic/54809-25-top-hospitals-for-orthopedics-in-2022-us-news.html
Best Specialized Hospitals 2022 - Orthopedics - Newsweek,https://www.newsweek.com/worlds-best-specialized-hospitals-2022/orthopedics
30 top hospitals for neurology and neurosurgery 2022-23: US News,https://www.beckersspine.com/spine/54813-30-top-hospitals-for-neurology-and-neurosurgery-2022-23-us-news.html
Best Hospitals for Orthopedics | US News Rankings & Ratings,https://health.usnews.com/best-hospitals/rankings/orthopedics
Awards,https://www.mhs.net/about/awards
2022 News Archive - University of South Carolina,https://sc.edu/study/colleges_schools/moore/about/press_room/news_and_announcements/2022/index.php
"HEART 22 Mission Strengthened Bones, Relationships in Latin ...",https://www.defense.gov/News/Feature-Stories/Story/Article/3203323/heart-22-mission-strengthened-bones-relationships-in-latin-america/
AdventHealth announces global orthopedics partner and new tower ...,https://www.adventhealth.com/business/adventhealth-central-florida-media-resources/news/adventhealth-announces-global-orthopedics-partner-and-new-tower-orlando-campus
"In Latin America, HEART 22 Mission Focused on Vision, Partnerships",https://www.defense.gov/News/Feature-Stories/Story/Article/3203648/in-latin-america-heart-22-mission-focused-on-vision-partnerships/
HEART 22 Strengthens Partnerships in Central America | Health.mil,https://health.mil/News/Articles/2022/11/03/HEART-22-Strengthens-Partnerships-in-Central-America?type=Videos
Company News - Orthopedic Associates of Hartford,https://oahct.com/oah-news/company-news/
"HEART 22: Medical Assistance Mission in Guatemala, Hondura",https://www.southcom.mil/Media/Special-Coverage/HEART-22-Medical-Assistance-Mission-in-Guatemala-Honduras/
A pioneering vision for equine orthopedic research,https://www.dvm360.com/view/pioneering-vision-equine-orthopedic-research
Disaster Relief in Central America,https://www.southcom.mil/Media/Special-Coverage/Disaster-Relief-in-Central-America/?videoid=853865
Central District of California | Orthopedic Surgeon Sentenced to 2½ ...,https://www.justice.gov/usao-cdca/pr/orthopedic-surgeon-sentenced-2-years-federal-prison-receiving-kickbacks-massive-health
Nutrition | Medscape,https://www.medscape.com/resource/nutrition
More Than 75 Health Care Organizations Release Joint Statement ...,https://www.acog.org/news/news-releases/2022/07/more-than-75-health-care-organizations-release-joint-statement-in-opposition-to-legislative-interference
"Obstetrician and Gynecologist Crystal Taylor, MD, Joins Cleveland ...",https://southfloridahospitalnews.com/obstetrician-and-gynecologist-crystal-taylor-md-joins-cleveland-clinic-indian-river-hospital/
Joint Statement: Collective Action Addressing Racism | ACOG,https://www.acog.org/news/news-articles/2020/08/joint-statement-obstetrics-and-gynecology-collective-action-addressing-racism
News | Obstetrics and Gynecology,https://obgyn.arizona.edu/about/news?page=1
What's your specialty? New data show the choices of America's ...,https://www.aamc.org/news/what-s-your-specialty-new-data-show-choices-america-s-doctors-gender-race-and-age
Welcome India Anderson-Carter to Division of Academic Specialists ...,https://www.obgyn.wisc.edu/ob-gyn-department-news/welcome-india-anderson-carter-to-division-of-academic-specialists-in-ob-gyn
"Canada significantly undercounts maternal deaths, and doctors are ...",https://www.cbc.ca/news/canada/canada-maternal-deaths-undercount-1.6600905
Homicide leading cause of death for pregnant women in U.S. | News ...,https://www.hsph.harvard.edu/news/hsph-in-the-news/homicide-leading-cause-of-death-for-pregnant-women-in-u-s/
Infertility,https://www.who.int/news-room/fact-sheets/detail/infertility
Racial Disparities in Maternal and Infant Health: Current Status and ...,https://www.kff.org/racial-equity-and-health-policy/issue-brief/racial-disparities-in-maternal-and-infant-health-current-status-and-efforts-to-address-them/
Welcome India Anderson-Carter to Division of Academic Specialists ...,https://www.obgyn.wisc.edu/ob-gyn-department-news/welcome-india-anderson-carter-to-division-of-academic-specialists-in-ob-gyn
What's your specialty? New data show the choices of America's ...,https://www.aamc.org/news/what-s-your-specialty-new-data-show-choices-america-s-doctors-gender-race-and-age
Five Northwell hospitals earn top 50 specialty ratings by US News ...,https://www.northwell.edu/news/the-latest/five-northwell-hospitals-earn-top-50-specialty-ratings-by-us-news
Human Rights Crisis: Abortion in the United States After Dobbs ...,https://www.hrw.org/news/2023/04/18/human-rights-crisis-abortion-united-states-after-dobbs
Dr Hrishikesh Pai takes charge as FOGSI President for 2022-23,https://www.biospectrumindia.com/news/66/22153/dr-hrishikesh-pai-takes-charge-as-fogsi-president-for-2022-23.html
Gynecology and Obstetrics,https://www.hopkinsmedicine.org/gynecology-obstetrics
Menstrual abnormalities after COVID-19 vaccines: A systematic ...,https://www.ncbi.nlm.nih.gov/pmc/articles/PMC9294036/
AAMC: Gender and Racial Diversity On the Rise in US Physician ...,https://revcycleintelligence.com/news/aamc-gender-and-racial-diversity-on-the-rise-in-us-physician-workforce
Prevention and Control of Seasonal Influenza with Vaccines ...,https://www.cdc.gov/mmwr/volumes/72/rr/rr7202a1.htm
University Hospital | Locations and Clinics | UW Health,https://www.uwhealth.org/locations/university-hospital-170
Understanding ACOG's Policy on Abortion | ACOG,https://www.acog.org/news/news-releases/2023/09/understanding-acog-policy-on-abortion
ESMO Gynaecological Cancers Congress 2024,https://www.esmo.org/meeting-calendar/esmo-gynaecological-cancers-congress-2024
Use of the Pfizer Respiratory Syncytial Virus Vaccine During ...,https://www.cdc.gov/mmwr/volumes/72/wr/mm7241e1.htm
Infertility,https://www.who.int/news-room/fact-sheets/detail/infertility
"Despite Supreme Court judgment, abortion for unmarried women ...",https://www.thehindu.com/news/national/despite-supreme-court-judgment-abortion-for-unmarried-women-after-20-weeks-a-catch-22/article66354052.ece
News,https://www.fbi.gov/news/RSS
"Latest Medical News, Clinical Trials, Guidelines - Today on Medscape",https://www.medscape.com/
Medical device & diagnostics,https://cdsco.gov.in/opencms/opencms/en/Medical-Device-Diagnostics/
CRepHS Research News Archives - Page 2 of 2 - Obstetrics ...,https://obgyn.wustl.edu/category/crephs-research-news/page/2/
Information Collection: Requirements for Renewal of Operating ...,https://www.regulations.gov/document/NRC-2021-0035-0002
ACOG Statement on the Decision in Dobbs V. Jackson | ACOG,https://www.acog.org/news/news-releases/2022/06/acog-statement-on-the-decision-in-dobbs-v-jackson
Best U.S. Hospitals for Obstetrics & Gynecology | Rankings,https://health.usnews.com/best-hospitals/rankings/gynecology
U.S. News Names Brigham and Women's Hospital One of Nation's ...,https://www.brighamandwomens.org/about-bwh/newsroom/us-news-ranks-brigham-and-womens-among-the-top-2022
Specialty ranked #3 by US News and World Report - Obstetrics ...,https://obgyn.wustl.edu/specialty-ranked-3-by-us-news-and-world-report/
UAB Obstetrics and Gynecology ranked No. 5 in nation - Heersink ...,https://www.uab.edu/medicine/news/latest/item/2628-uab-obstetrics-and-gynecology-ranks-no-5-in-nation
News Archive 2022 - Obstetrics & Gynecology | UCLA Health,https://www.uclahealth.org/departments/obgyn/about-us/news/news-archive-2022
Obstetrician and Gynecologist Salary | US News Best Jobs,https://money.usnews.com/careers/best-jobs/obstetrician-and-gynecologist/salary
UCI Health among America's Best Hospitals for 22nd consecutive year,https://www.ucihealth.org/news/2022/07/uci-health-among-best-us-hospitals-for-22nd-year
Best Obstetrics and Gynecology Programs,https://www.usnews.com/best-graduate-schools/top-medical-schools/obgyn-rankings
ABOG Reiterates Support for OB GYNs and Reproductive Health ...,https://www.abog.org/about-abog/news-announcements/2022/06/24/abog-reiterates-support-for-ob-gyns-and-reproductive-health-rights
Best U.S. Hospitals for Obstetrics & Gynecology | Rankings,https://health.usnews.com/best-hospitals/rankings/gynecology
UCI Health among America's Best Hospitals for 22nd consecutive year,https://www.ucihealth.org/news/2022/07/uci-health-among-best-us-hospitals-for-22nd-year
Cedars-Sinai Ranked #2 Hospital in Nation by U.S. News & World ...,https://www.cedars-sinai.org/newsroom/cedars-sinai-ranked-2-hospital-in-nation-by-us-news--world-report/
UCI Health rated among best U.S. maternity hospitals for second ...,https://www.ucihealth.org/news/2022/12/uci-health-best-hospital-for-maternity-care-2022-23
Five Northwell hospitals earn top 50 specialty ratings by US News ...,https://www.northwell.edu/news/the-latest/five-northwell-hospitals-earn-top-50-specialty-ratings-by-us-news
ChristianaCare Rated a Best Hospital by U.S. News & World Report ...,https://news.christianacare.org/2022/07/christianacare-rated-a-best-hospital-by-u-s-news-world-report/
Ranked Best Hospital for OB/GYN in the Nation: Q&A With Dr. Nawal ...,https://www.brighamhealthonamission.org/2022/07/26/ranked-best-hospital-for-ob-gyn-in-the-nation-qa-with-nawal-nour-md-mph/
"10 best hospitals for gynecology, obstetrics: US News",https://www.beckershospitalreview.com/rankings-and-ratings/10-best-hospitals-for-gynecology-obstetrics-us-news
U.S. News Best Hospitals - 2022-2023 - Atlantic Health,https://www.atlantichealth.org/about-us/stay-connected/news/press-releases/2022/us-news-best-hospitals.html
2022-2023 best hospitals rankings in adult specialties - WTOP News,https://wtop.com/health-fitness/2022/07/2022-2023-best-hospitals-rankings-in-adult-specialties/
More immigrant women say they were abused by Ice gynecologist ...,https://www.theguardian.com/us-news/2020/dec/22/ice-gynecologist-hysterectomies-georgia
ACOG Unequivocally Supports ACIP's Recommendation Approving ...,https://www.acog.org/news/news-releases/2023/09/acog-supports-acip-recommendation-approving-use-maternal-rsv-vaccine-in-pregnancy
No OB-GYNs left in town: what came after Idaho's assault on abortion,https://www.theguardian.com/us-news/2023/aug/22/abortion-idaho-women-rights-healthcare
Understanding ACOG's Policy on Abortion | ACOG,https://www.acog.org/news/news-releases/2023/09/understanding-acog-policy-on-abortion
Human Rights Crisis: Abortion in the United States After Dobbs ...,https://www.hrw.org/news/2023/04/18/human-rights-crisis-abortion-united-states-after-dobbs
Dr. Ana Torvie Voted as Top OB/GYN in Seattle Met 2023 ...,https://www.nwwomenshealth.com/news/dr-ana-torvie-voted-as-top-obgyn-in-seattle-met-2023
Dr. Julia Cron Named Chief and Vice Chair of Obstetrics and ...,https://www.nyp.org/news/dr-julia-cron-named-chief-and-vice-chair-of-obstetrics-and-gynecology
Use of the Pfizer Respiratory Syncytial Virus Vaccine During ...,https://www.cdc.gov/mmwr/volumes/72/wr/mm7241e1.htm
Dr. Julia Cron Named Chief and Vice Chair of Obstetrics and ...,https://news.weill.cornell.edu/news/2021/09/dr-julia-cron-named-chief-and-vice-chair-of-obstetrics-and-gynecology-at-newyork
"Andrew Kelleher, PhD - MU School of Medicine",https://medicine.missouri.edu/faculty/andrew-kelleher-phd
The social media effect: the impact of fake news on women affected ...,https://pubmed.ncbi.nlm.nih.gov/35640437/
ISGE – International Society of Gynecological Endocrinology,https://www.isgesociety.com/
European Journal of Obstetrics and Gynecology and Reproductive ...,https://www.ejog.org/
Multi-country monkeypox outbreak in non-endemic countries,https://www.who.int/emergencies/disease-outbreak-news/item/2022-DON385
European Society of Gynecology – Professional gynecologists,https://www.esgynecology.org/
"Nina Bhardwaj, MD, PhD, was Honored with the 2022 ESMO Award ...",https://physicians.mountsinai.org/news/nina-bhardwaj-md-phd-was-honored-with-the-2022-esmo-award-for-immuno-oncology-from-the-european-society-for-medical-oncology
Home - European Society for Gynaecological Endoscopy,https://esge.org/
2022-2023 best hospitals rankings in adult specialties - WTOP News,https://wtop.com/health-fitness/2022/07/2022-2023-best-hospitals-rankings-in-adult-specialties/
EBCOG - European Board & College of Obstetrics and Gynaecology ...,https://ebcog.eu/
Best Obstetrics and Gynecology Programs,https://www.usnews.com/best-graduate-schools/top-medical-schools/obgyn-rankings
2022-2023 best hospitals rankings in adult specialties - WTOP News,https://wtop.com/health-fitness/2022/07/2022-2023-best-hospitals-rankings-in-adult-specialties/
Multi-country monkeypox outbreak: situation update,https://www.who.int/emergencies/disease-outbreak-news/item/2022-DON396
ChristianaCare Rated a Best Hospital for Maternity Care by U.S. ...,https://news.christianacare.org/2022/12/christianacare-rated-a-high-performing-hospital-for-maternity-by-u-s-news-world-report/
"Caesarean section rates continue to rise, amid growing inequalities ...",https://www.who.int/news/item/16-06-2021-caesarean-section-rates-continue-to-rise-amid-growing-inequalities-in-access
U.S. Maternal Mortality Crisis: An International Comparison ...,https://www.commonwealthfund.org/publications/issue-briefs/2024/jun/insights-us-maternal-mortality-crisis-international-comparison
Human Rights Crisis: Abortion in the United States After Dobbs ...,https://www.hrw.org/news/2023/04/18/human-rights-crisis-abortion-united-states-after-dobbs
Artificial Intelligence and Machine Learning (AI/ML)-Enabled ...,https://www.fda.gov/medical-devices/software-medical-device-samd/artificial-intelligence-and-machine-learning-aiml-enabled-medical-devices
Prevention and Control of Seasonal Influenza with Vaccines ...,https://www.cdc.gov/mmwr/volumes/72/rr/rr7202a1.htm
WHO EUROPEAN REGIONAL OBESITY REPORT 2022,https://iris.who.int/bitstream/handle/10665/353747/9789289057738-eng.pdf
Medtronic reports full year and fourth quarter fiscal year 2022 ...,https://news.medtronic.com/2022-05-26-Medtronic-reports-full-year-and-fourth-quarter-fiscal-year-2022-financial-results-announces-8-dividend-increase
More immigrant women say they were abused by Ice gynecologist ...,https://www.theguardian.com/us-news/2020/dec/22/ice-gynecologist-hysterectomies-georgia
ESMO Gynaecological Cancers Congress 2024,https://www.esmo.org/meeting-calendar/esmo-gynaecological-cancers-congress-2024
Infertility,https://www.who.int/news-room/fact-sheets/detail/infertility
Female hysteria: The history of a controversial 'condition',https://www.medicalnewstoday.com/articles/the-controversy-of-female-hysteria
Italy's Lampedusa island struggles with migration crisis : NPR,https://www.npr.org/2023/09/28/1201785102/lampedusa-italy-migrant-crisis-meloni
European Society of Gynecology – Professional gynecologists,https://www.esgynecology.org/
ISGE – International Society of Gynecological Endocrinology,https://www.isgesociety.com/
University at Buffalo Gifted Math Program on LinkedIn: #math ...,https://www.linkedin.com/posts/ubgmp_math-giftedmath-activity-7084214713596682240-owIH
News Archive 2017 | European Society of Coloproctology,https://www.escp.eu.com/news/archive?year=2017&start=10
"Latest Medical News, Clinical Trials, Guidelines - Today on Medscape",https://www.medscape.com/
"“We are constantly on high alert"": activists and health professionals ...",https://www.amnesty.org/en/latest/news/2024/03/abortion-providers-defying-mounting-risks/
New insights into quality of care for girls and women facing the ...,https://www.who.int/news/item/26-01-2022-new-insights-into-quality-of-care-for-girls-and-women-facing-the-complications-of-unsafe-abortion
South Baldwin Medical Group – Obstetrics & Gynecology Expand ...,https://www.southbaldwinrmc.com/news-room/south-baldwin-medical-group-obstetrics-gynecology-17967
Registration open for FIGO 2022 Regional Congress in Cartagena ...,https://www.figo.org/news/registration-open-figo-2022-regional-congress-cartagena-colombia
Forum of the Countries of Latin America and the Caribbean on ...,https://foroalc2030.cepal.org/2023/en
News Archive 2022 - Obstetrics & Gynecology | UCLA Health,https://www.uclahealth.org/departments/obgyn/about-us/news/news-archive-2022
PAHO and partners launch campaign to reduce maternal mortality in ...,https://www.paho.org/en/news/8-3-2023-paho-and-partners-launch-campaign-reduce-maternal-mortality-latin-america-and
"Emory's graduate, professional schools ranked among best by U.S. ...",https://news.emory.edu/stories/2021/03/upress_usnews_grad_school_rankings/campus.html
The fallout of Dobbs on the field of OB-GYN | AAMC,https://www.aamc.org/news/fallout-dobbs-field-ob-gyn
Obstetricians and Gynecologists,https://www.bls.gov/oes/current/oes291218.htm
Lower Anogenital Screening & Treatment Fellowship | Emory School ...,https://med.emory.edu/departments/gynecology-obstetrics/education/fellowships/fellowship3/index.html
Human Rights Crisis: Abortion in the United States After Dobbs ...,https://www.hrw.org/news/2023/04/18/human-rights-crisis-abortion-united-states-after-dobbs
Maternal health,https://www.who.int/health-topics/maternal-health
Best U.S. Hospitals for Obstetrics & Gynecology | Rankings,https://health.usnews.com/best-hospitals/rankings/gynecology
Multi-country monkeypox outbreak in non-endemic countries,https://www.who.int/emergencies/disease-outbreak-news/item/2022-DON385
UCHealth Memorial Hospital Central | Colorado Springs | UCHealth,https://www.uchealth.org/locations/uchealth-memorial-hospital-central/
Colorectal Cancer Screening Programs in Latin America: A ...,https://jamanetwork.com/journals/jamanetworkopen/fullarticle/2814506
Tampa General Hospital Reaches Milestone in Newborn Deliveries ...,https://southfloridahospitalnews.com/tampa-general-hospital-reaches-milestone-in-newborn-deliveries/
Doctor Decatur Il Dr Betts Wife Factory Sale | www.maria-nantes.com,https://www.maria-nantes.com/2020/03/?m=mar271c1051090-doctor-decatur-il-dr-betts-wife
TGH Earns Redesignation as a Baby Friendly Hospital and is ...,https://southfloridahospitalnews.com/tgh-earns-redesignation-as-a-baby-friendly-hospital-and-is-named-a-best-maternity-hospital/
More immigrant women say they were abused by Ice gynecologist ...,https://www.theguardian.com/us-news/2020/dec/22/ice-gynecologist-hysterectomies-georgia
Recognition and screening for Chagas disease in the USA - PMC,https://www.ncbi.nlm.nih.gov/pmc/articles/PMC8474340/
No OB-GYNs left in town: what came after Idaho's assault on abortion,https://www.theguardian.com/us-news/2023/aug/22/abortion-idaho-women-rights-healthcare
Human Rights Crisis: Abortion in the United States After Dobbs ...,https://www.hrw.org/news/2023/04/18/human-rights-crisis-abortion-united-states-after-dobbs
Use of the Pfizer Respiratory Syncytial Virus Vaccine During ...,https://www.cdc.gov/mmwr/volumes/72/wr/mm7241e1.htm
Dr. Julia Cron Named Chief and Vice Chair of Obstetrics and ...,https://www.nyp.org/news/dr-julia-cron-named-chief-and-vice-chair-of-obstetrics-and-gynecology
News from Office of Medical Communications | College of Medicine ...,https://www.med.uvm.edu/medcommunications/news/8
Maternal health,https://www.who.int/health-topics/maternal-health
BMC OBGYN in the news! | Obstetrics & Gynecology,https://www.bumc.bu.edu/obgyn/obgyn-residency/residency-program/bmc-obgyn-in-the-news/
Dr. Julia Cron Named Chief and Vice Chair of Obstetrics and ...,https://news.weill.cornell.edu/news/2021/09/dr-julia-cron-named-chief-and-vice-chair-of-obstetrics-and-gynecology-at-newyork
